run_id,pipeline_name,file_id,audio_duration,embed,estimate,cluster,enhance,win_len,hop_len,refine_vbx,vbx_Fa,vbx_Fb,num_speakers_param,min_speakers,max_speakers,t_conversion,t_vad,t_embeddings,t_similarity,t_clustering,t_refine,num_speakers_pred,num_segments,total_time,rtf,der,miss,false_alarm,confusion,total_sec_ref
032dd23fe7d44c53a4f5d97f7a34f3f5,diar_pipeline__silero__resnet34__nmesc__sc__enhanced__w1.2__h0.6__auto_1-20,IS1009a,838.8333125,resnet34,nmesc,sc,True,1.2,0.6,False,0.05,5.0,,1,20,0.3129634999204427,23.070710900006816,99.33293330005836,0.14682150003500283,4.726103900000453,0,5,111,155.57349440001417,0.18546413462807507,0.13135699112832674,0.02719813403307122,0.057363905202215335,0.04679495189304019,480.1800000000002
03db228502c24843bbe2ddbf3fb32cdf,diar_pipeline__silero__resnet34__nmesc__sc__enhanced__w1.2__h0.6__auto_1-20,IS1009a,838.8333125,resnet34,nmesc,sc,True,1.2,0.6,False,0.4,17.0,,1,20,0.21633620001375675,15.41504399990663,69.50025349995121,0.148678999976255,4.587872299947776,0,5,111,112.51082810002845,0.13412775389750445,0.13135699112832674,0.02719813403307122,0.057363905202215335,0.04679495189304019,480.1800000000002
0655714363fc4a9682edd82dc0b02ae5,diar_pipeline__silero__resnet34__nmesc__sc__enhanced__w1.2__h0.6__auto_1-20,IS1009a,838.8333125,resnet34,nmesc,sc,True,1.2,0.6,False,0.4,17.0,,1,20,0.21914529998321086,14.771179500035942,93.31863110000268,0.11824870004784316,5.511532100033946,0,5,111,144.52125130000059,0.1722884024112962,0.13135699112832674,0.02719813403307122,0.057363905202215335,0.04679495189304019,480.1800000000002
06a0b98c6a404ca2831a15e481623319,diar_pipeline__resnet34__gmm_bic__sc__enhanced__w1.2__h0.6__auto_1-20,IS1009a,838.8333125,resnet34,gmm_bic,sc,True,1.2,0.6,False,0.4,17.0,,1,20,0.5564638000214472,21.710630199988373,80.83847900002729,0.33182550000492483,23.962193400016986,0,4,99,174.90726949996315,0.20851254581042064,0.10684534966054351,0.02622974717814181,0.04840892998458829,0.032206672497813414,480.18000000000023
07ad5ecf87934cefa4075fda4d96b02c,,EN2002c,2972.256,,,,False,,,False,,,,,,0.8274827999994159,0,0,0,0,0,19,381,157.88683670002501,0.05312020118725474,0.3859594867084444,0.049351319915863855,0.010153867894276098,0.32645429889830446,1839.890000000001
091464a78fc04b36b95bb95be5cad330,diar_pipeline__silero__resnet34__nmesc__sc__enhanced__w1.2__h0.6__auto_1-20,EN2002c,2972.256,resnet34,nmesc,sc,True,1.2,0.6,False,0.4,17.0,,1,20,0.6626043999567628,30.727968399995007,393.3934044999769,2.136855100048706,10.50584840006195,0,3,544,488.4811983000254,0.16434694666274555,0.11763474990352599,0.08188804765502242,0.01563408682040636,0.020112615428097218,1839.890000000001
0fb6088141784e73b9bb5d4629af91da,diar_pipeline__silero__resnet34__gmm_bic__sc__enhanced__w1.2__h0.6__auto_1-20,IS1009a,838.8333125,resnet34,gmm_bic,sc,True,1.2,0.6,False,0.4,17.0,,1,20,1.03682270005811,30.440926800016314,105.01050249999389,0.14043829997535795,19.573189900023863,0,4,106,189.19623860006686,0.22554688253402772,0.11155191803073815,0.023751509850472613,0.06189345662043359,0.025906951559831935,480.18000000000023
105ec017c2fb46638eacaa912cf87dea,diar_pipeline__silero__resnet34__gmm_bic__sc__enhanced__w1.2__h0.6__auto_1-20,018a_EARZ,1317.715875,resnet34,gmm_bic,sc,True,1.2,0.6,False,0.4,17.0,,1,20,0.4762598000233993,22.17257190006785,115.36798879993148,0.6998871000250801,57.37741359998472,0,4,186,376.4892032999778,0.28571349138521823,0.3554607099112307,0.2719799614979748,0.0638715772629132,0.01960917115034262,871.1229999999994
107458964f1d4ec8a31d47da61d67771,diar_pipeline__silero__resnet34__gmm_bic__cosine_greedy__w1.2__h0.6__auto_1-20,018a_EARZ,1317.715875,resnet34,gmm_bic,cosine_greedy,True,1.2,0.6,False,0.4,17.0,,1,20,0.4870865000411868,96.28603690001182,422.9707654999802,0.6139198000309989,0.7953889999771491,0,20,337,929.3019169999752,0.7052369441932808,0.3964411455098786,0.27692300628039956,0.09275727997079752,0.02676085925868152,871.1229999999989
116cb9a846954f748a0d627a392eea58,diar_pipeline__silero__resnet34__gmm_bic__ahc_threshold__w1.2__h0.6__vbx_Fa0.4_Fb17.0__auto_1-20,EN2002c,2972.256,resnet34,gmm_bic,ahc_threshold,True,1.2,0.6,True,0.4,17.0,,1,20,0.5919347000308335,30.791578199947253,285.327676899964,1.701631399919279,1.1462982000084594,0,20,838,375.5188131999457,0.1263413424684636,0.6920767002375129,0.0935871166211022,0.04557609422302292,0.5529134893933878,1839.8899999999999
13070236c3f843f49cd92c44aa05b1c2,diar_pipeline__silero__resnet34__gmm_bic__sc__enhanced__w1.2__h0.6__auto_1-20,IS1009a,838.8333125,resnet34,gmm_bic,sc,True,1.2,0.6,False,0.4,17.0,,1,20,0.3104829000076279,16.231761100003496,124.12959180003963,0.5550263000186533,60.36318100010976,0,3,102,266.10018670000136,0.3172265368276029,0.15598317297680028,0.025188470990045623,0.05303219625973577,0.07776250572701887,480.18000000000023
171beedc53f64e2395038375011685ec,diar_pipeline__silero__resnet34__nmesc__sc__enhanced__w1.2__h0.6__auto_1-20,018a_EARZ,1317.715875,resnet34,nmesc,sc,True,1.2,0.6,False,0.4,17.0,,1,20,0.39190940000116825,19.4664009999251,103.50984509999398,0.20688770001288503,9.512443999992684,0,4,186,209.5509343999438,0.159025885910302,0.35804932254113503,0.27130841454077104,0.06478074852805063,0.02196015947231336,871.1229999999994
1998b7089e134898a8f962f673d4ed7d,diar_pipeline__silero__ecapa__nmesc__sc__enhanced__w1.2__h0.6__auto_1-20,IS1009a,838.8333125,ecapa,nmesc,sc,True,1.2,0.6,False,0.4,17.0,,1,20,0.22648049995768815,11.12080820009578,67.67093250004109,0.1291012999136001,0.2927318000001833,0,1,54,108.66129399999045,0.1295386012700711,0.39292556957807606,0.022220833853971746,0.043983506185180626,0.32672122953892374,480.18000000000023
19f772a5ec6f45b499022f4a381ce0e8,diar_pipeline__silero__resnet34__nmesc__sc__enhanced__w1.2__h0.6__auto_1-20,EN2002c,2972.256,resnet34,nmesc,sc,True,1.2,0.6,False,0.4,17.0,,1,20,0.4195946999825537,29.375117799965665,271.9635718000354,1.5373813000041991,83.05311560002156,0,4,590,420.50699889997486,0.14147738246637398,0.1218714162259693,0.08233372647277826,0.016590665746320402,0.02294702400687064,1839.890000000001
1ad98d26539e407487ecc73bdc781c69,diar_pipeline__silero__resnet34__gmm_bic__ahc_threshold__w1.2__h0.6__auto_1-20,EN2002c,2972.256,resnet34,gmm_bic,ahc_threshold,True,1.2,0.6,False,0.4,17.0,,1,20,0.4267538000131026,21.015567300026305,237.47141629992984,1.9305728999897838,1.083349300082773,0,20,799,295.8825225000037,0.09954812859323144,0.136565229443063,0.09293490371706957,0.02268613884525548,0.020944186880737972,1839.889999999999
1cfa3c80aa2e4b73b3ad90a8d5212984,diar_pipeline__silero__resnet34__nmesc__sc__enhanced__w1.2__h0.6__auto_1-20,IS1009a,838.8333125,resnet34,nmesc,sc,True,1.2,0.6,False,0.4,17.0,,1,20,0.21384380001109093,20.526293199975044,82.90191529993899,0.12433400005102158,1.9185352999484167,0,3,99,129.77648119989317,0.15471069074869767,0.15307801241201185,0.02581323670290338,0.04937731683951811,0.07788745886959035,480.18000000000023
1e48fdf51ae947b8a3a5be240160e9fc,diar_pipeline__silero__resnet34__nmesc__sc__enhanced__w1.2__h0.6__auto_1-20,EN2002c,2972.256,resnet34,nmesc,sc,True,1.2,0.6,False,0.4,17.0,,1,20,0.6639134000288323,204.8851800999837,657.8887050000485,1.7603631999809295,128.9921298000263,0,4,590,1053.3749595000409,0.3544025008276679,0.1218714162259693,0.08233372647277826,0.016590665746320402,0.02294702400687064,1839.890000000001
1eccef4c7aa34b1393dc9ae0e595e9c2,diar_pipeline__silero__resnet34__gmm_bic__sc__enhanced__w1.2__h0.6__auto_1-20,069c_EEPL,1261.3080625,resnet34,gmm_bic,sc,True,1.2,0.6,False,0.4,17.0,,1,20,0.4751810000743717,20.945314700016752,183.11868740001228,0.4977031999733299,23.71252179995645,0,6,310,362.50206039997283,0.2874016833615323,0.40635397357985814,0.003690842112672461,0.15118961026772024,0.2514735211994655,852.3799999999981
1fdd545f77134cb484e682e8fc6124c9,diar_pipeline__silero__resnet34__nmesc__sc__enhanced__w1.2__h0.6__auto_1-20,IS1009b,2052.3333125,resnet34,nmesc,sc,True,1.2,0.6,False,0.05,5.0,,1,20,0.6848762000445276,126.78543110005558,325.1895017999923,0.7613522000610828,92.15067510004155,0,4,171,583.949626400019,0.28452962432729556,0.042820702110549266,0.018175646281820057,0.014619613219609858,0.010025442609119355,1517.1400000000003
247af15ed5244495bca7dc406d15f2e0,diar_pipeline__silero__resnet34__nmesc__sc__enhanced__w1.2__h0.6__auto_1-20,IS1009a,838.8333125,resnet34,nmesc,sc,True,1.2,0.6,False,0.05,5.0,,1,20,0.3230841999175027,16.774403600022197,114.67226049990859,0.18324000004213303,4.515998600050807,0,5,111,167.83611099992413,0.20008279177625546,0.13135699112832674,0.02719813403307122,0.057363905202215335,0.04679495189304019,480.1800000000002
264357988f0b40d294a2f571467ffb24,diar_pipeline__silero__resnet34__gmm_bic__cosine_greedy__w1.2__h0.6__auto_1-20,018a_EARZ,1317.715875,resnet34,gmm_bic,cosine_greedy,True,1.2,0.6,False,0.4,17.0,,1,20,0.33630530000664294,12.492860300000757,98.51360730000306,0.27270800003316253,0.10009209997951984,0,20,410,364.95066339999903,0.2769570211028982,0.45254114516549504,0.2779561554453283,0.12697632825674526,0.047608661463421464,871.1229999999982
26a0a5954e7a44c3b65012f350f87fc9,diar_pipeline__resnet34__gmm_bic__sc__enhanced__w1.2__h0.6__auto_1-20,IS1009a,838.8333125,resnet34,gmm_bic,sc,True,1.2,0.6,False,0.4,17.0,,1,20,0.5352961999597028,18.25378239993006,84.6842455000151,0.2905186000280082,19.880439599975944,0,4,99,157.42035529995337,0.18766583653048874,0.10684534966054351,0.02622974717814181,0.04840892998458829,0.032206672497813414,480.18000000000023
29f1d82369e3414a824ccbd2ef55772c,diar_pipeline__silero__resnet34__nmesc__sc__enhanced__w1.2__h0.6__auto_1-20,069c_EEPL,1261.3080625,resnet34,nmesc,sc,True,1.2,0.6,False,0.4,17.0,,1,20,0.37537349993363023,11.374064000090584,668.2216460000491,0.3633305000839755,16.75740870006848,0,3,151,781.4184055000078,0.6195301756425645,0.12913606607381753,0.002945869213261539,0.07456416152420312,0.05162603533635287,852.3799999999991
2b769bf5b1124f22b9823f3c8e6315f8,,IS1009a,838.8333125,,,,False,,,False,,,,,,1.6093504999298602,0,0,0,0,0,7,103,98.81849019997753,0.1178046802951421,0.15312799366904098,0.041669790495231146,0.0275313424132615,0.08392686076054835,480.18000000000023
2c5f03985ea947e4ad7d4f344bb55685,diar_pipeline__silero__resnet34__nmesc__sc__enhanced__w1.2__h0.6__auto_1-20,033c_EBPH,1242.2590625,resnet34,nmesc,sc,True,1.2,0.6,False,0.05,5.0,,1,20,0.2645081999944523,27.435445100069046,234.87184569996316,0.4316700999625027,19.237800600007176,0,4,295,317.1460996000096,0.25529787559912415,0.3496775790881189,0.012001377929937546,0.12600395909964412,0.21167224205853727,612.5129999999994
2e259faf440b4719953a36edcb47fac7,diar_pipeline__silero__resnet34__nmesc__sc__enhanced__w1.2__h0.6__auto_1-20,IS1009a,838.8333125,resnet34,nmesc,sc,True,1.2,0.6,False,0.4,17.0,,1,20,0.5439710000064224,80.45682520000264,271.38709840003867,0.39129729999694973,19.110630000010133,0,5,111,433.93265600001905,0.5173049872170152,0.13135699112832674,0.02719813403307122,0.057363905202215335,0.04679495189304019,480.1800000000002
2e6e1a5330ff40a59844ff358183aa90,,069c_EEPL,1261.3080625,,,,False,,,False,,,,,,0.7539077999535948,0,0,0,0,0,3,88,169.9496618999401,0.13474080357742904,0.6035864285881881,0.007733639925854637,0.06783007578779411,0.5280227128745393,852.3799999999993
2ff8472108ce4293bddd8de4ec54ae48,diar_pipeline__silero__resnet34__gmm_bic__ahc_threshold__w1.2__h0.6__auto_1-20,IS1009a,838.8333125,resnet34,gmm_bic,ahc_threshold,True,1.2,0.6,False,0.4,17.0,,1,20,0.22243569989223033,8.12327910005115,66.23797070002183,0.1169972000643611,0.05713259999174625,0,20,187,94.69051829993259,0.1128835930677617,0.16007538839601834,0.03463284601607752,0.06939064517472565,0.05605189720521517,480.1800000000001
31a576a6ab8e4a4c8d82f599ac2ef381,diar_pipeline__silero__resnet34__nmesc__sc__enhanced__w1.2__h0.6__vbx_Fa0.05_Fb5.0__auto_1-20,IS1009a,838.8333125,resnet34,nmesc,sc,True,1.2,0.6,True,0.05,5.0,,1,20,0.505501399980858,15.242317199939862,84.68363520002458,0.21349210001062602,4.637190700042993,0,5,83,135.58361099998,0.161633555772715,0.177370985880295,0.024147194801949493,0.04881502769794642,0.10440876338039912,480.18000000000023
31acdde360cf475b9b7764515c334775,diar_pipeline__silero__campplus__gmm_bic__sc__enhanced__w1.2__h0.6__auto_1-20,EN2002c,2972.256,campplus,gmm_bic,sc,True,1.2,0.6,False,0.4,17.0,,1,20,0.44994590000715107,59.2652236999711,196.6113769999938,2.1292106999317184,0.3046332000521943,0,1,231,317.85349999996834,0.10694014916614462,0.6647978955263621,0.07498002597981471,0.008970644984210093,0.5808472245623374,1839.890000000001
3205780ec7a5405bb388192e664436e1,diar_pipeline__silero__ecapa__gmm_bic__sc__enhanced__w1.2__h0.6__auto_1-20,EN2002c,2972.256,ecapa,gmm_bic,sc,True,1.2,0.6,False,0.4,17.0,,1,20,0.9191233000019565,76.12263270001858,548.4867291999981,2.9573777000186965,0.511059399927035,0,1,231,697.336261499906,0.2346151413269604,0.6647978955263621,0.07498002597981471,0.008970644984210093,0.5808472245623374,1839.890000000001
3346e9b65ba04a78bca93e331a156787,diar_pipeline__silero__campplus__gmm_bic__sc__enhanced__w1.2__h0.6__auto_1-20,018a_EARZ,1317.715875,campplus,gmm_bic,sc,True,1.2,0.6,False,0.4,17.0,,1,20,0.3594164999667555,29.153937499970198,77.00603799999226,0.24297220003791153,0.03427509998437017,0,1,114,253.3962536000181,0.1922996136022252,0.7366066560060982,0.2696725950296344,0.0556764084979966,0.4112576524784672,871.1229999999994
3397ba8513a64ad28bd293422a41f12c,diar_pipeline__silero__resnet34__nmesc__sc__enhanced__w1.2__h0.6__vbx_Fa0.05_Fb5.0__auto_1-20,EN2002c,2972.256,resnet34,nmesc,sc,True,1.2,0.6,True,0.05,5.0,,1,20,1.2227671999717131,202.91809020005167,1260.5835928999586,7.000681499950588,326.9195657999953,0,3,439,1969.2132296999916,0.6625315012233104,0.12465419128317394,0.07972759241041638,0.013995401899024866,0.030931196973732693,1839.890000000001
3571d30d757449af9730ec54782af8ba,diar_pipeline__silero__ecapa__gmm_bic__sc__enhanced__w1.2__h0.6__auto_1-20,IS1009a,838.8333125,ecapa,gmm_bic,sc,True,1.2,0.6,False,0.4,17.0,,1,20,0.5029500999953598,74.6006043999223,1143.5344548999565,0.38574910000897944,67.77571209997404,0,3,107,1418.251352100051,1.6907427625557623,0.16290765962763953,0.025396726227664895,0.06072722728976597,0.07678370611020868,480.18000000000023
35b834b870af4b7580280935d18a67c1,diar_pipeline__silero__resnet34__nmesc__sc__enhanced__w1.2__h0.6__auto_1-20,033a_EBRH,1267.427625,resnet34,nmesc,sc,True,1.2,0.6,False,0.05,5.0,,1,20,0.27920009999070317,26.569508900051005,250.8431884999154,0.5407631999114528,22.33346870006062,0,4,200,345.8129981000675,0.2728463474196939,0.35529355904586174,0.0015619466213822612,0.09831831278629631,0.2554132996381832,770.832999999999
38f5a61b1cec436f8c6fe31ac1dcaa01,diar_pipeline__silero__resnet34__nmesc__sc__enhanced__w1.2__h0.6__auto_1-20,EN2002c,2972.256,resnet34,nmesc,sc,True,1.2,0.6,False,0.4,17.0,,1,20,0.4262716000666842,23.92135530000087,281.1728616000619,1.7705790000036359,76.40000060002785,0,4,590,416.87732269999105,0.14025619687536708,0.1218714162259693,0.08233372647277826,0.016590665746320402,0.02294702400687064,1839.890000000001
3c47c4b3cd384e2c8acb1236bad3b8ed,diar_pipeline__silero__resnet34__nmesc__sc__enhanced__w1.2__h0.6__auto_1-20,IS1009b,2052.4373125,resnet34,nmesc,sc,True,1.2,0.6,False,0.05,5.0,,1,20,2.112654200056568,21.73373819992412,292.97732870001346,1.033451299997978,53.61218649998773,0,4,181,412.77240010001697,0.20111328009196722,0.05497844628709209,0.02602594355168312,0.014932702321473038,0.014019800413935928,1517.1399999999999
3ed04bef6f9b43eea7080ec9e2fb6245,diar_pipeline__silero__resnet34__gmm_bic__cosine_greedy__w1.2__h0.6__auto_1-20,EN2002c,2972.256,resnet34,gmm_bic,cosine_greedy,True,1.2,0.6,False,0.4,17.0,,1,20,0.5099361999891698,28.112527600023896,257.90904669999145,1.572758900001645,0.38068820000626147,0,20,1103,321.2418810999952,0.10808015228163229,0.22724184597991887,0.10768578556326709,0.04791862557000292,0.07163743484664883,1839.8899999999967
40cd19d2f97043b4be1626721d1143ad,diar_pipeline__silero__campplus__nmesc__sc__enhanced__w1.2__h0.6__auto_1-20,EN2002c,2972.256,campplus,nmesc,sc,True,1.2,0.6,False,0.4,17.0,,1,20,0.4367344999918714,20.943172700004652,137.19493040000089,1.5845269999699667,3.8520993000129238,0,1,231,202.3141843000194,0.06806755013700684,0.6647978955263621,0.07498002597981471,0.008970644984210093,0.5808472245623374,1839.890000000001
40fdc83bbd25471699cdc46af1b49129,diar_pipeline__silero__resnet34__nmesc__sc__enhanced__w1.2__h0.6__auto_1-20,069c_EEPL,1261.3080625,resnet34,nmesc,sc,True,1.2,0.6,False,0.4,17.0,,1,20,0.2931590999942273,26.9898560999427,206.34774900006596,0.27865260001271963,3.3455229999963194,0,3,149,312.0986454000231,0.24744045858346608,0.1290832727187411,0.002945869213261539,0.07406907717215354,0.052068326333326,852.3799999999991
43709977f06c4cde8bd466849168e3b1,diar_pipeline__silero__resnet34__nmesc__sc__enhanced__w1.2__h0.6__auto_1-20,EN2002c,2972.256,resnet34,nmesc,sc,True,1.2,0.6,False,0.4,17.0,,1,20,0.4502828000113368,22.916491099982522,285.34098670003004,2.046245399978943,58.5299675000133,0,4,590,414.33249920001253,0.13940000430649735,0.1218714162259693,0.08233372647277826,0.016590665746320402,0.02294702400687064,1839.890000000001
44930a9411c747e1bfca40ef9aa3b427,diar_pipeline__silero__resnet34__nmesc__sc__enhanced__w1.2__h0.6__auto_1-20,018a_EARZ,1317.715875,resnet34,nmesc,sc,True,1.2,0.6,False,0.4,17.0,,1,20,1.2603010000893846,29.457306700060144,177.16253790003248,0.28446080000139773,1.8676163000054657,0,3,154,300.5055054000113,0.22805030363621542,0.34743084501270394,0.2706942647593969,0.060326727683692384,0.016409852569614608,871.1229999999994
48d8f0b782af4b1fa56cc9205e271d7b,diar_pipeline__silero__resnet34__gmm_bic__sc__enhanced__w1.2__h0.6__auto_1-20,IS1009a,838.8333125,resnet34,gmm_bic,sc,True,1.2,0.6,False,0.4,17.0,,1,20,0.6510203999932855,75.96937990002334,248.51635370007716,0.2849600000772625,20.814552600029856,0,4,99,418.51798729994334,0.49892866802418906,0.10684534966054351,0.02622974717814181,0.04840892998458829,0.032206672497813414,480.18000000000023
4b5a9f7e828444a78b75da275f3ca183,diar_pipeline__silero__resnet34__nmesc__sc__enhanced__w1.2__h0.6__auto_1-20,069c_EEPL,1261.3080625,resnet34,nmesc,sc,True,1.2,0.6,False,0.4,17.0,,1,20,0.2711301000090316,10.741461100056767,117.94569870003033,0.2768262999597937,21.512377900071442,0,5,253,211.69364230008796,0.1678365885337294,0.2670064994486029,0.003532462047443313,0.11922264717614212,0.14425139022501746,852.3799999999985
5198e43101f14aa4b0e63b30fb8a3d46,diar_pipeline__silero__ecapa__nmesc__sc__enhanced__w1.2__h0.6__auto_1-20,018a_EARZ,1317.715875,ecapa,nmesc,sc,True,1.2,0.6,False,0.4,17.0,,1,20,1.3788627999601886,12.554344700067304,117.50798130000476,0.27876889996696264,0.5044202000135556,0,1,114,221.5874949999852,0.16816029859243004,0.7366066560060982,0.2696725950296344,0.0556764084979966,0.4112576524784672,871.1229999999994
51fa2463920749b6b1ed57ed985212ff,diar_pipeline__silero__resnet34__gmm_bic__ahc_threshold__w1.2__h0.6__auto_1-20,018a_EARZ,1317.715875,resnet34,gmm_bic,ahc_threshold,True,1.2,0.6,False,0.4,17.0,,1,20,0.36601470003370196,15.755361500079744,89.58542229991872,0.33914959989488125,0.092694399994798,0,20,307,168.05121740000322,0.12753220977929192,0.38568950653352113,0.277204252441963,0.08071420453828,0.02777104955327809,871.1229999999994
553b1a621bd84adbab5ebac918950647,diar_pipeline__silero__resnet34__gmm_bic__sc__enhanced__w1.2__h0.6__auto_1-20,EN2002c,2972.256,resnet34,gmm_bic,sc,True,1.2,0.6,False,0.4,17.0,,1,20,1.5646468000486493,259.31702710001264,681.993335200008,2.8192954000551254,55.70215440005995,0,7,781,1069.124049599981,0.3597011998966378,0.3457190375511563,0.0808227665784374,0.05448423547059608,0.21041203550212276,1839.8899999999985
582aeae1ed96475cbf754e2f2be772ab,diar_pipeline__silero__resnet34__nmesc__sc__enhanced__w1.2__h0.6__auto_1-20,ES2004c,2334.368,resnet34,nmesc,sc,True,1.2,0.6,False,0.05,5.0,,1,20,0.493162399972789,19.312505599926226,274.0558264000574,3.050859999959357,94.12179290002678,0,4,327,531.0923785000341,0.22751013486306962,0.08193023586246131,0.05316673770957774,0.01602017618641542,0.012743321966468149,1689.120000000004
58d1a0110fa74e109c70ad9d58bb94b8,diar_pipeline__silero__resnet34__nmesc__sc__enhanced__w1.2__h0.6__auto_1-20,027a_EBRH,1327.06475,resnet34,nmesc,sc,True,1.2,0.6,False,0.05,5.0,,1,20,0.290992199908942,28.972923499997705,226.5786942000268,0.42617300001438707,18.698668299941346,0,3,152,305.70311060000677,0.2303603577745598,0.09267599148103377,0.006839348414205989,0.0727911126460599,0.013045530420767877,868.6499999999994
59cb3c03d7474dd8b6b42ca8e8e19ce6,diar_pipeline__silero__resnet34__nmesc__sc__enhanced__w1.2__h0.6__auto_1-20,TS3003a,1505.642625,resnet34,nmesc,sc,True,1.2,0.6,False,0.05,5.0,,1,20,0.5574305000482127,102.98677449999377,302.71650209999643,0.3744423999451101,19.514747800072655,0,2,252,540.3328235000372,0.3588718959786604,0.22965331607245001,0.19062259975339468,0.009931465480892488,0.029099250838162845,877.5139999999999
5ee6f246e2814b15b73051269898f045,,018a_EARZ,1317.715875,,,,False,,,False,,,,,,0.3630725999828428,0,0,0,0,0,4,237,186.0167095999932,0.14116602306243992,0.325017247851338,0.30182304909869223,0.013761546876848251,0.009432651875797483,871.1229999999994
5ef0313530914500aadd8143d07dacc4,diar_pipeline__silero__resnet34__nmesc__sc__enhanced__w1.2__h0.6__auto_1-20,EN2002c,2972.256,resnet34,nmesc,sc,True,1.2,0.6,False,0.05,5.0,,1,20,0.40568620001431555,35.336977099999785,355.3081925000297,1.1936793000204489,76.9161260999972,0,3,551,512.8951233000262,0.1725608841566898,0.11791194038774004,0.08215165037040247,0.015408529857761873,0.020351760159575703,1839.890000000001
63e981efd38645989ed481a31e1b0e4d,diar_pipeline__silero__resnet34__gmm_bic__sc__enhanced__w1.2__h0.6__auto_1-20,IS1009a,838.8333125,resnet34,gmm_bic,sc,True,1.2,0.6,False,0.4,17.0,,1,20,0.2750766999088228,12.709244700032286,70.50526220002212,0.2595861000008881,15.726429399917834,0,4,99,129.9877247000113,0.15496252087629306,0.10399225290516045,0.02581323670290338,0.04928360198258931,0.028895414219667775,480.18000000000023
63ff765a23404bcb83dd00db300f7d47,diar_pipeline__silero__resnet34__nmesc__sc__enhanced__w1.2__h0.6__vbx_Fa0.05_Fb5.0__auto_1-20,018a_EARZ,1317.715875,resnet34,nmesc,sc,True,1.2,0.6,True,0.05,5.0,,1,20,1.0548759000375867,67.91073410003446,287.3364029000513,0.2719076001085341,9.374723999993876,0,3,136,490.3301256999839,0.3721061080029744,0.3464160629440404,0.27057947040773844,0.05810775286612866,0.01772883967017332,871.1229999999994
644a63a2e1264bd8b35e9e1a4e1de5df,diar_pipeline__silero__resnet34__gmm_bic__ahc_threshold__w1.2__h0.6__auto_1-20,069c_EEPL,1261.3080625,resnet34,gmm_bic,ahc_threshold,True,1.2,0.6,False,0.4,17.0,,1,20,0.2274794999975711,10.963598600006662,126.7522389999358,0.2773688000161201,0.1641352999722585,0,20,278,197.76146319997497,0.15679077069244926,0.10496257537717908,0.0037154790117081486,0.0859534479926788,0.015293648372792122,852.3799999999991
6beb7ab06e2b429c997b1651ec8f9a2a,diar_pipeline__silero__resnet34__gmm_bic__sc__enhanced__w1.2__h0.6__auto_1-20,EN2002c,2972.256,resnet34,gmm_bic,sc,True,1.2,0.6,False,0.4,17.0,,1,20,0.6572609000140801,31.617962599964812,393.65817629999947,2.7071953000267968,61.220570400008,0,7,842,568.2855928000063,0.19119671818309267,0.3894499127665204,0.07784704520378885,0.06441417693448728,0.24718869062824428,1839.8899999999992
6c016215a60d429e8dbc5285a5b8e430,diar_pipeline__silero__campplus__nmesc__sc__enhanced__w1.2__h0.6__auto_1-20,069c_EEPL,1261.3080625,campplus,nmesc,sc,True,1.2,0.6,False,0.4,17.0,,1,20,0.26636180002242327,11.084183600032702,77.63384190003853,0.42334470001515,1.8843134000198916,0,1,54,217.84703619999345,0.17271516981204857,0.6394999882681429,0.0026854219948847144,0.06374269691921391,0.5730718693540442,852.3799999999993
701c9a72164942b0844d72c9a5a6836a,diar_pipeline__silero__resnet34__nmesc__sc__enhanced__w1.2__h0.6__auto_1-20,EN2002c,2972.256,resnet34,nmesc,sc,True,1.2,0.6,False,0.4,17.0,,1,20,0.7386053999653086,75.71626529993955,483.7627474999754,2.9401837999466807,11.6584876999259,0,1,231,645.7417001998983,0.2172564207793334,0.6647978955263621,0.07498002597981471,0.008970644984210093,0.5808472245623374,1839.890000000001
71e7086d2e1c40c1ae4a2da2c3597f82,diar_pipeline__silero__resnet34__nmesc__sc__enhanced__w1.2__h0.6__auto_1-20,ES2004c,2334.368,resnet34,nmesc,sc,True,1.2,0.6,False,0.05,5.0,,1,20,0.8575547999935225,151.2685846000677,865.5571964000119,1.0189969000639394,50.72682569990866,0,4,342,1112.6672483000439,0.4766460336588078,0.10141849010135606,0.07623200246282182,0.015216799280098836,0.009969688358435412,1689.1200000000035
729aff891f204a1595667cdd1f91a1a0,diar_pipeline__silero__campplus__nmesc__sc__enhanced__w1.2__h0.6__auto_1-20,018a_EARZ,1317.715875,campplus,nmesc,sc,True,1.2,0.6,False,0.4,17.0,,1,20,0.28913739998824894,10.951840599998832,64.29733470000792,0.20320109999738634,0.373175400076434,0,1,114,136.3932026999537,0.10350729264755476,0.7366066560060982,0.2696725950296344,0.0556764084979966,0.4112576524784672,871.1229999999994
75b4dd4726a34ed4b3bc37a6053cd6de,diar_pipeline__silero__resnet34__nmesc__sc__enhanced__w1.2__h0.6__auto_1-20,IS1009a,838.8333125,resnet34,nmesc,sc,True,1.2,0.6,False,0.4,17.0,,1,20,0.3696364000206813,12.748156899935566,61.49285720009357,0.10368830000516027,5.785718000028282,0,5,111,103.18262750003487,0.12300730784345772,0.13135699112832674,0.02719813403307122,0.057363905202215335,0.04679495189304019,480.1800000000002
77321154ef3b41b5bc07e77fe75f528c,diar_pipeline__silero__resnet34__gmm_bic__sc__enhanced__w1.2__h0.6__auto_1-20,069c_EEPL,1261.3080625,resnet34,gmm_bic,sc,True,1.2,0.6,False,0.4,17.0,,1,20,0.4002964999526739,19.21683920000214,342.4817845999496,0.35132820007856935,23.68452749995049,0,5,259,514.6746735000052,0.40804834980590254,0.26048241394683197,0.004805368497618128,0.11858208780121585,0.13709495764799798,852.3799999999987
7d996a20c35f4faeacaf847717961d05,diar_pipeline__silero__campplus__gmm_bic__sc__enhanced__w1.2__h0.6__auto_1-20,IS1009a,838.8333125,campplus,gmm_bic,sc,True,1.2,0.6,False,0.4,17.0,,1,20,0.25803339993581176,27.50332260003779,56.78621460008435,0.159103799960576,0.017336499993689358,0,1,54,124.20525110000744,0.14806904929637907,0.39292556957807606,0.022220833853971746,0.043983506185180626,0.32672122953892374,480.18000000000023
80c1e5a5fcd74b0999ee626c64749a39,diar_pipeline__silero__resnet34__gmm_bic__cosine_greedy__w1.2__h0.6__auto_1-20,IS1009a,838.8333125,resnet34,gmm_bic,cosine_greedy,True,1.2,0.6,False,0.4,17.0,,1,20,0.4238559000659734,77.77383249998093,191.06741440005135,0.1710939999902621,0.06866919994354248,0,20,198,292.30878070008475,0.3484706393322747,0.18280644758215608,0.038797950768461924,0.07369111583156254,0.07031738098213164,480.1799999999998
862f2d89df454d219e8c9fa2e848d1d7,diar_pipeline__silero__resnet34__nmesc__sc__enhanced__w1.2__h0.6__auto_1-20,EN2002a,2142.709375,resnet34,nmesc,sc,True,1.2,0.6,False,0.05,5.0,,1,20,3.549328900058754,24.714845800073817,208.74696950009093,1.1449121000478044,45.96696200000588,0,5,519,316.8891011000378,0.1478917788839365,0.15049683757015392,0.06681999659866605,0.03062414460524465,0.05305269636624324,1234.809999999998
877edf9f9a93429189d00768c7882433,diar_pipeline__silero__resnet34__nmesc__sc__enhanced__w1.2__h0.6__auto_1-20,018a_EARZ,1317.715875,resnet34,nmesc,sc,True,1.2,0.6,False,0.4,17.0,,1,20,0.37944900000002235,23.25408550002612,112.77472600003239,0.20195320004131645,10.675114799989387,0,4,186,210.22080600005575,0.15953424405701702,0.35804932254113503,0.27130841454077104,0.06478074852805063,0.02196015947231336,871.1229999999994
8d49c8b2829148d7937eaa88d6799ae9,diar_pipeline__silero__resnet34__gmm_bic__sc__enhanced__w1.2__h0.6__auto_1-20,018a_EARZ,1317.715875,resnet34,gmm_bic,sc,True,1.2,0.6,False,0.4,17.0,,1,20,0.6106180000351742,30.117472099955194,192.27768429997377,0.42009400005917996,29.72389389993623,0,4,184,414.68824139994103,0.31470231881356137,0.3579701144384908,0.2693442831838905,0.07130910330688177,0.01731672794771856,871.1229999999994
8e0cc5bde8e443f9b132626008645af7,diar_pipeline__silero__resnet34__nmesc__sc__enhanced__w1.2__h0.6__auto_1-20,IS1009a,838.8333125,resnet34,nmesc,sc,True,1.2,0.6,False,0.4,17.0,,1,20,0.45760039996821433,69.34254089999013,318.46015400008764,0.15283279994037002,4.145790299982764,0,5,111,439.7965805999702,0.5242955591370486,0.13135699112832674,0.02719813403307122,0.057363905202215335,0.04679495189304019,480.1800000000002
8fc7c989851a4971900c64e936a21df0,diar_pipeline__silero__resnet34__gmm_bic__ahc_threshold__w1.2__h0.6__auto_1-20,IS1009a,838.8333125,resnet34,gmm_bic,ahc_threshold,True,1.2,0.6,False,0.4,17.0,,1,20,1.0661248000105843,25.30231200007256,72.173684499925,0.16039430000819266,0.088567900005728,0,14,173,125.82763040007558,0.15000313950940708,0.1426444250072891,0.03213378316464707,0.06509017451788876,0.045420467324753286,480.1800000000001
90d03e5233af4162a8f73169d0809d49,diar_pipeline__silero__resnet34__gmm_bic__ahc_threshold__w1.2__h0.6__auto_1-20,IS1009a,838.8333125,resnet34,gmm_bic,ahc_threshold,True,1.2,0.6,False,0.4,17.0,,1,20,0.33373349998146296,12.605860800016671,72.29838629998267,0.1168949999846518,0.08912219991907477,0,20,187,104.44601049995981,0.12451342709396726,0.16007538839601834,0.03463284601607752,0.06939064517472565,0.05605189720521517,480.1800000000001
99651e6613f74662abf4453eb878948d,diar_pipeline__silero__resnet34__gmm_bic__ahc_threshold__w1.2__h0.6__auto_1-20,069c_EEPL,1261.3080625,resnet34,gmm_bic,ahc_threshold,True,1.2,0.6,False,0.4,17.0,,1,20,0.3271742999786511,14.346866399981081,154.1202635000227,0.2992358999326825,0.18262450001202524,0,20,278,234.7172583999345,0.18609034967612006,0.10496257537717908,0.0037154790117081486,0.0859534479926788,0.015293648372792122,852.3799999999991
9bf9290d18a14434be0f449737df42c7,diar_pipeline__silero__resnet34__gmm_bic__sc__enhanced__w1.2__h0.6__nspk3,EN2002c,2972.256,resnet34,gmm_bic,sc,True,1.2,0.6,False,0.4,17.0,3,1,20,0.6554229999892414,71.11864430003334,435.17354390001856,3.0188278999412432,9.61444059992209,0,3,544,567.6621242999099,0.190986955464102,0.11795542124800862,0.0818635896711213,0.015772682062513282,0.02031914951437405,1839.890000000001
9e2b859d21f64117aeb58f8d922a3e08,diar_pipeline__silero__resnet34__gmm_bic__sc__enhanced__w1.2__h0.6__auto_1-20,018a_EARZ,1317.715875,resnet34,gmm_bic,sc,True,1.2,0.6,False,0.4,17.0,,1,20,0.5156712000025436,31.514876100001857,4222.382463400019,0.3061849999940023,39.13474609993864,0,4,182,4445.053188699996,3.3733016904725353,0.3538271862871273,0.2709640314857949,0.06485995663069496,0.01800319817063737,871.1229999999994
9ff394819a87492da5655517256a7ff1,diar_pipeline__silero__resnet34__gmm_bic__cosine_greedy__w1.2__h0.6__auto_1-20,IS1009a,838.8333125,resnet34,gmm_bic,cosine_greedy,True,1.2,0.6,False,0.4,17.0,,1,20,0.2350523000350222,7.999552999972366,64.191036800039,0.1381407999433577,0.05266919999849051,0,20,197,93.47054390003905,0.1114292225966396,0.17695447540505535,0.03692365362988893,0.0718480569786318,0.06818276479653462,480.1799999999998
a02164e901e1453dbc9ce47cf9be06a5,diar_pipeline__silero__resnet34__nmesc__sc__enhanced__w1.2__h0.6__vbx_Fa0.05_Fb5.0__auto_1-20,069c_EEPL,1261.3080625,resnet34,nmesc,sc,True,1.2,0.6,True,0.05,5.0,,1,20,0.3437136000720784,25.508300799992867,193.94293500005733,0.5563167999498546,25.252278300002217,0,3,111,358.2737682000734,0.2840493760818035,0.13656467772589695,0.002945869213261538,0.06754733804171828,0.06607147047091713,852.3799999999993
a2001165144e478c9e668e28d20f50cb,diar_pipeline__silero__resnet34__nmesc__sc__enhanced__w1.2__h0.6__auto_1-20,036c_EAPH,1607.749625,resnet34,nmesc,sc,True,1.2,0.6,False,0.05,5.0,,1,20,0.337601900100708,27.145195599994622,230.44463200005703,0.5225757999578491,26.29561090003699,0,3,301,318.2497007000493,0.1979473020869461,0.2562977846378152,0.013950076725421576,0.09657053113792095,0.1457771767744727,888.8839999999988
a2c9b5c243d6497499a634ec0ea262e2,diar_pipeline__silero__resnet34__gmm_bic__cosine_greedy__w1.2__h0.6__auto_1-20,069c_EEPL,1261.3080625,resnet34,gmm_bic,cosine_greedy,True,1.2,0.6,False,0.4,17.0,,1,20,0.4153298999881372,16.90720249991864,146.3194239999866,0.3834866000106558,0.30368869996163994,0,20,380,249.55288980004843,0.1978524495478268,0.15930336235012463,0.004853469110021079,0.11399258546657474,0.04045730777352877,852.3799999999983
a3098a764b494075ba0826523b066b08,diar_pipeline__silero__resnet34__gmm_bic__ahc_threshold__w1.2__h0.6__vbx_Fa0.4_Fb17.0__auto_1-20,IS1009a,838.8333125,resnet34,gmm_bic,ahc_threshold,True,1.2,0.6,True,0.4,17.0,,1,20,0.27712460001930594,15.702177300001495,72.81607139995322,0.19825929997023195,0.3663735999725759,0,20,150,124.94065900007263,0.14894575255685572,0.5219917530925895,0.033851888875005356,0.06879711774751063,0.4193427464700734,480.18000000000023
a49b11cd8a7143ddbc49d59527dd51ae,diar_pipeline__silero__resnet34__nmesc__sc__enhanced__w1.2__h0.6__auto_1-20,018a_EARZ,1317.715875,resnet34,nmesc,sc,True,1.2,0.6,False,0.4,17.0,,1,20,0.319986000075005,20.84633039997425,116.11197019997053,0.23473390005528927,10.215441299951635,0,4,186,231.23323650006205,0.17548034510858573,0.35804932254113503,0.27130841454077104,0.06478074852805063,0.02196015947231336,871.1229999999994
a53fee39ba4c4c038b165d9a81ba997e,diar_pipeline__silero__resnet34__gmm_bic__ahc_threshold__w1.2__h0.6__auto_1-20,018a_EARZ,1317.715875,resnet34,gmm_bic,ahc_threshold,True,1.2,0.6,False,0.4,17.0,,1,20,0.2799762000795454,19.50156370003242,101.27002689999063,0.28545910003595054,0.5452271999092773,0,20,307,193.8095614000922,0.14707993208330453,0.38568950653352113,0.277204252441963,0.08071420453828,0.02777104955327809,871.1229999999994
a5538eb3846a43f29ba20f772a004393,diar_pipeline__resnet34__gmm_bic__sc__enhanced__w1.2__h0.6__auto_1-20,EN2002c,2972.256,resnet34,gmm_bic,sc,True,1.2,0.6,False,0.4,17.0,,1,20,1.9254719000309706,78.73432149994187,407.8456478000153,3.348327500047162,38.623916600015946,0,7,777,620.9005405000644,0.20889874240309866,0.3579290066253965,0.0877443760224803,0.04983993608313341,0.22034469451978275,1839.8899999999987
a6a5ee3f95274f2081bea4b65623411a,diar_pipeline__silero__resnet34__gmm_bic__sc__enhanced__w1.2__h0.6__auto_1-20,018a_EARZ,1317.715875,resnet34,gmm_bic,sc,True,1.2,0.6,False,0.4,17.0,,1,20,0.6087867999449372,41.1935282999184,133.39033920003567,0.41682699997909367,29.366173800081015,0,4,182,338.75134890002664,0.25707465116486256,0.35811475532158066,0.2706185004873023,0.06858388539850394,0.01891236943577441,871.1229999999994
a73ab822777a4519a76b2dd6494f706a,diar_pipeline__silero__resnet34__nmesc__sc__enhanced__w1.2__h0.6__auto_1-20,034a_EBRH,1256.300375,resnet34,nmesc,sc,True,1.2,0.6,False,0.05,5.0,,1,20,0.2854638999560848,24.84097259992268,204.46398299990688,0.31365430005826056,13.948576799943112,0,4,194,274.19952569995075,0.2182595270656914,0.13495324658340446,0.00776695220035267,0.11447851958412386,0.01270777479892794,764.6499999999996
a92036340e3f4a08a4fd6388e9136313,diar_pipeline__silero__resnet34__gmm_bic__sc__enhanced__w1.2__h0.6__nspk4,IS1009a,838.8333125,resnet34,gmm_bic,sc,True,1.2,0.6,False,0.4,17.0,4,1,20,0.5095909000374377,33.377619199920446,139.13497200002894,0.20627450000029057,2.403499300009571,0,4,99,220.88525120005943,0.26332436719966273,0.10399225290516045,0.02581323670290338,0.04928360198258931,0.028895414219667775,480.18000000000023
a92601e0c4ea44afafa4fdf0882fae61,diar_pipeline__silero__resnet34__gmm_bic__sc__enhanced__w1.2__h0.6__auto_1-20,069c_EEPL,1261.3080625,resnet34,gmm_bic,sc,True,1.2,0.6,False,0.4,17.0,,1,20,0.45578980003483593,27.394312700023875,184.79331469989847,0.5354708000086248,27.311897699953988,0,5,251,437.10981549997814,0.34655278000332146,0.2620580022994439,0.003532462047443346,0.11954996597761545,0.13897557427438512,852.3799999999986
abc70a2885a44e749200396907f0ce1d,diar_pipeline__silero__resnet34__gmm_bic__sc__enhanced__w1.2__h0.6__auto_1-20,EN2002c,2972.256,resnet34,gmm_bic,sc,True,1.2,0.6,False,0.4,17.0,,1,20,4.142072399961762,59.94171129993629,541.9767941000173,5.5438950000097975,72.28059209999628,0,7,777,744.4383886000142,0.2504624058627568,0.3579290066253965,0.0877443760224803,0.04983993608313341,0.22034469451978275,1839.8899999999987
abdef5fd246e45aeb2750c9f3ce7e5ab,diar_pipeline__silero__resnet34__nmesc__sc__enhanced__w1.2__h0.6__auto_1-20,018a_EARZ,1317.715875,resnet34,nmesc,sc,True,1.2,0.6,False,0.4,17.0,,1,20,0.35129120002966374,12.01694309990853,96.79268650000449,0.19938800006639212,7.7029279000125825,0,3,158,188.4222960000625,0.142991595969095,0.34830557797234357,0.2706942647593972,0.05998464051574959,0.017626672697196793,871.1229999999994
ac8fe0f6a67e4d83b9289edbe8249741,diar_pipeline__silero__resnet34__nmesc__sc__enhanced__w1.2__h0.6__auto_1-20,IS1009a,838.8333125,resnet34,nmesc,sc,True,1.2,0.6,False,0.4,17.0,,1,20,0.2716874999459833,8.836782899918035,67.69625639996957,0.12438540009316057,3.6741401000181213,0,5,111,101.99464129994158,0.12159107152762436,0.13135699112832674,0.02719813403307122,0.057363905202215335,0.04679495189304019,480.1800000000002
ae337b52f6e04fd58a8c44561410c5ae,diar_pipeline__silero__resnet34__nmesc__sc__enhanced__w1.2__h0.6__auto_1-20,069c_EEPL,1261.3080625,resnet34,nmesc,sc,True,1.2,0.6,False,0.05,5.0,,1,20,0.28221599990502,22.386498800013214,209.2798306000186,0.37641609995625913,17.1821171999909,0,3,151,280.7561242999509,0.22259123892657343,0.12913606607381753,0.002945869213261539,0.07456416152420312,0.05162603533635287,852.3799999999991
af4af10d698e4e6fa726484202f18f63,diar_pipeline__silero__resnet34__nmesc__sc__enhanced__w1.2__h0.6__auto_1-20,020b_EBDZ,1101.1468125,resnet34,nmesc,sc,True,1.2,0.6,False,0.05,5.0,,1,20,0.2427336999680847,18.95958469994366,136.00671200000215,0.18992209993302822,7.025000700028613,0,3,205,196.25247229996603,0.1782255282149001,0.13583803315787935,0.005242621180902914,0.0897681347843241,0.040827277192652354,616.8669999999986
af82281757f6488e81a8877eaaab16cd,,dicte_audio_3,3286.4213125,resnet34,nmesc,sc,True,1.2,0.6,False,,,,,,3.216668299981393,52.302715400001034,597.9753693999955,4.297497900086455,288.7553681000136,0,3,155,1115.3582569999853,0.33938383151231627,,,,,
b0cede7b1d9c488cbffd7e1b11559f03,diar_pipeline__silero__resnet34__nmesc__sc__enhanced__w1.2__h0.6__auto_1-20,EN2002c,2972.256,resnet34,nmesc,sc,True,1.2,0.6,False,0.4,17.0,,1,20,0.5996868999209255,23.38865249999799,257.17141349997837,1.4082360999891534,110.56699139997363,0,3,551,425.34674979990814,0.14310569136706533,0.11791194038774004,0.08215165037040247,0.015408529857761873,0.020351760159575703,1839.890000000001
b369fbc45d634a05b8ff6a43310bbef8,diar_pipeline__silero__resnet34__nmesc__sc__enhanced__w1.2__h0.6__auto_1-20,TS3003a,1505.642625,resnet34,nmesc,sc,True,1.2,0.6,False,0.05,5.0,,1,20,1.4368235999718308,23.29448219994083,66.02836599992588,0.176708500017412,2.540445699938573,0,2,224,120.26097549998667,0.07987351945484851,0.41577000480904186,0.40073890559011177,0.0030084990097031714,0.01202260020922696,877.5139999999999
b5ba41b808054b049fffd401a562cd54,diar_pipeline__silero__resnet34__gmm_bic__cosine_greedy__w1.2__h0.6__auto_1-20,EN2002c,2972.256,resnet34,gmm_bic,cosine_greedy,True,1.2,0.6,False,0.4,17.0,,1,20,0.39217910007573664,22.414841699996032,236.86697450000793,6.368675800040364,2.563393500051461,0,20,1095,323.2129742000252,0.10874331625540506,0.2333182962024858,0.10509323926973833,0.055421791520140665,0.0728032654126068,1839.8899999999956
b7f26dbef3e44cee84317183fed52870,diar_pipeline__silero__resnet34__gmm_bic__ahc_threshold__w1.2__h0.6__auto_1-20,EN2002c,2972.256,resnet34,gmm_bic,ahc_threshold,True,1.2,0.6,False,0.4,17.0,,1,20,0.4550011999672279,33.67361920000985,256.59048110002186,1.5218815999105573,0.6838121999753639,0,20,799,324.5123805999756,0.10918049474876175,0.136565229443063,0.09293490371706957,0.02268613884525548,0.020944186880737972,1839.889999999999
b8af98fa57d740e8818a9a7d857bfc66,diar_pipeline__silero__resnet34__nmesc__sc__enhanced__w1.2__h0.6__auto_1-20,069c_EEPL,1261.3080625,resnet34,nmesc,sc,True,1.2,0.6,False,0.4,17.0,,1,20,0.23354479996487498,17.636385299963877,138.69878340000287,0.2999693000456318,16.34667699993588,0,5,253,244.24277450004593,0.19364244292226263,0.2670064994486029,0.003532462047443313,0.11922264717614212,0.14425139022501746,852.3799999999985
ba9142764a13463392d99a0f837280e7,diar_pipeline__resnet34__gmm_bic__sc__enhanced__w1.2__h0.6__auto_1-20,018a_EARZ,1317.715875,resnet34,gmm_bic,sc,True,1.2,0.6,False,0.4,17.0,,1,20,0.7053901000181213,29.53080750000663,296.4712415999966,0.4907630999805406,32.47657090006396,0,4,186,522.793511099997,0.3967422120493137,0.3554607099112307,0.2719799614979748,0.0638715772629132,0.01960917115034262,871.1229999999994
baeb8876910b4d7baeeef8800f21475e,diar_pipeline__silero__resnet34__nmesc__sc__enhanced__w1.2__h0.6__auto_1-20,069c_EEPL,1261.3080625,resnet34,nmesc,sc,True,1.2,0.6,False,0.4,17.0,,1,20,0.36933479993604124,12.225721599999815,132.19328600005247,0.3283316999441013,16.20577600004617,0,5,253,233.77814479998779,0.18534579437843543,0.2670064994486029,0.003532462047443313,0.11922264717614212,0.14425139022501746,852.3799999999985
bf89d412cd6e40e4ad54e2d0fcee26d6,diar_pipeline__silero__resnet34__nmesc__sc__enhanced__w1.2__h0.6__auto_1-20,018a_EARZ,1317.715875,resnet34,nmesc,sc,True,1.2,0.6,False,0.4,17.0,,1,20,0.5051399000221863,30.570247700088657,368.8493925000075,0.23614259995520115,20.466051299939863,0,4,186,560.5102061000653,0.425364994635179,0.35804932254113503,0.27130841454077104,0.06478074852805063,0.02196015947231336,871.1229999999994
bfc846eeeff9424a9c9ccb51a8ec9191,diar_pipeline__silero__resnet34__gmm_bic__cosine_greedy__w1.2__h0.6__auto_1-20,069c_EEPL,1261.3080625,resnet34,gmm_bic,cosine_greedy,True,1.2,0.6,False,0.4,17.0,,1,20,0.5958215000573546,113.0964881000109,420.0313095001038,0.4011511999415234,0.16286469995975494,0,20,365,617.0894758000504,0.48924564438043494,0.13595110162134258,0.004618831976348314,0.10427274220418063,0.027059527440813646,852.3799999999987
c3c5ce833aea463a8470567e85b08d52,diar_pipeline__silero__resnet34__nmesc__sc__enhanced__w1.2__h0.6__nspk6,dicte_audio_3,3286.4213125,resnet34,nmesc,sc,True,1.2,0.6,False,0.05,5.0,6,1,20,5.947265199996764,36.67778930001077,371.4332402999862,4.491189399996074,7.3194916999927955,0,6,851,652.63389740001,0.19858497597909855,,,,,
c5b25119688f455aa400776d81d976cc,diar_pipeline__silero__resnet34__nmesc__sc__enhanced__w1.2__h0.6__auto_1-20,018a_EARZ,1317.715875,resnet34,nmesc,sc,True,1.2,0.6,False,0.05,5.0,,1,20,0.2800460000289604,22.175123700057156,154.21031290001702,0.27846729999873787,9.234809399931692,0,3,158,216.15915560000576,0.1640407918740493,0.34830557797234357,0.2706942647593972,0.05998464051574959,0.017626672697196793,871.1229999999994
c666135c69bb4718a9b7e83340e509dd,diar_pipeline__silero__resnet34__gmm_bic__sc__enhanced__w1.2__h0.6__auto_1-20,069c_EEPL,1261.3080625,resnet34,gmm_bic,sc,True,1.2,0.6,False,0.4,17.0,,1,20,0.9444512000773102,28.339795199921355,217.544123700005,0.33015579998027533,22.468765099998564,0,5,251,385.2040451000212,0.30540044621337,0.2620580022994439,0.003532462047443346,0.11954996597761545,0.13897557427438512,852.3799999999986
cc90f2e151654909a721b46406298036,diar_pipeline__silero__resnet34__nmesc__sc__enhanced__w1.2__h0.6__auto_1-20,032b_EADH,1226.1576875,resnet34,nmesc,sc,True,1.2,0.6,False,0.05,5.0,,1,20,0.24322880001273006,20.023978399927728,206.5540121999802,0.3826417999807745,15.77134939993266,0,4,243,273.6634411000414,0.22318780356710144,0.2350141411500097,0.04258034150040503,0.12196338676358769,0.070470412886017,573.6449999999995
cccf2a927dee4449986f3bc10b82170d,diar_pipeline__silero__resnet34__gmm_bic__sc__enhanced__w1.2__h0.6__auto_1-20,069c_EEPL,1261.3080625,resnet34,gmm_bic,sc,True,1.2,0.6,False,0.4,17.0,,1,20,0.5005890000611544,36.70118600002024,185.42958890006412,0.37842059996910393,26.954035299946554,0,4,149,372.9712680999655,0.2957019614706265,0.1007778220981254,0.002711232079588927,0.08025059245876229,0.01781599755977419,852.3799999999991
d0c8eb6c21b042799237784c25b4353f,diar_pipeline__silero__ecapa__nmesc__sc__enhanced__w1.2__h0.6__auto_1-20,069c_EEPL,1261.3080625,ecapa,nmesc,sc,True,1.2,0.6,False,0.4,17.0,,1,20,0.2660688000032678,24.314769299933687,159.2705393000506,0.3596604000777006,3.8200807999819517,0,3,204,275.93033419991843,0.21876521874680274,0.18809216546610596,0.003864473591590774,0.10703090171050345,0.07719679016401172,852.3799999999987
d16220785d1e4e68ac9209955985eb59,diar_pipeline__silero__resnet34__nmesc__sc__enhanced__w1.2__h0.6__vbx_Fa0.05_Fb5.0__auto_1-20,IS1009a,838.8333125,resnet34,nmesc,sc,True,1.2,0.6,True,0.05,5.0,,1,20,0.7147456000093371,26.36244129994884,120.02964339999016,0.4611552000278607,18.31242570001632,0,5,83,287.3381088000024,0.3425449425031059,0.177370985880295,0.024147194801949493,0.04881502769794642,0.10440876338039912,480.18000000000023
d1d142886d22402d87b4cab8093c4233,diar_pipeline__silero__ecapa__gmm_bic__sc__enhanced__w1.2__h0.6__auto_1-20,IS1009a,838.8333125,ecapa,gmm_bic,sc,True,1.2,0.6,False,0.4,17.0,,1,20,0.44713909993879497,43.05005770002026,146.7237398000434,0.19190279999747872,0.025260399910621345,0,1,54,250.35118929995224,0.29845165370676935,0.39292556957807606,0.022220833853971746,0.043983506185180626,0.32672122953892374,480.18000000000023
d22c82962b4a4ac69c1b94e58d356172,diar_pipeline__silero__resnet34__nmesc__sc__enhanced__w1.2__h0.6__auto_1-20,EN2002a,2142.709375,resnet34,nmesc,sc,True,1.2,0.6,False,0.05,5.0,,1,20,0.7769488000776619,107.80611480004154,726.130150299985,1.8018707999726757,90.63385829993058,0,4,498,1058.6587730998872,0.4940748313568597,0.3652910164316788,0.1460508094362683,0.020906050323532446,0.19833415667187812,1234.8099999999984
d4a754fde43e48b690b3c7815f1f94a4,diar_pipeline__silero__resnet34__nmesc__sc__enhanced__w1.2__h0.6__auto_1-20,ES2004a,1049.3546875,resnet34,nmesc,sc,True,1.2,0.6,False,0.05,5.0,,1,20,0.7071752999909222,80.41588770004455,271.1642825000454,0.29468339995946735,13.66916599997785,0,4,129,465.2239014999941,0.4433428535096663,0.29895228539943003,0.2531127156696651,0.02369282389513009,0.02214674583463487,607.9900000000004
d4ef6b35f2704f78acb6de4d09f027de,diar_pipeline__silero__resnet34__nmesc__sc__enhanced__w1.2__h0.6__auto_1-20,EN2002c,2972.256,resnet34,nmesc,sc,True,1.2,0.6,False,0.4,17.0,,1,20,0.5145859000040218,180.89252760005184,511.15219429996796,6.476490099914372,248.04174459993374,0,3,551,1110.4945330000482,0.3736200828596353,0.11791194038774004,0.08215165037040247,0.015408529857761873,0.020351760159575703,1839.890000000001
d6c576dab901492595a74e21ab06a501,diar_pipeline__silero__resnet34__nmesc__sc__enhanced__w1.2__h0.6__auto_1-20,dicte_audio_3,3286.4213125,resnet34,nmesc,sc,True,1.2,0.6,False,0.05,5.0,,1,20,3.0123718000249937,51.05734170007054,541.9277111000847,4.2919597999425605,246.47291050001513,0,3,155,1028.6036852999823,0.312985946563716,,,,,
d82be15ce8cb4b858fb40cf76db14cc1,diar_pipeline__silero__resnet34__nmesc__sc__enhanced__w1.2__h0.6__auto_1-20,035b_EADH,1188.29225,resnet34,nmesc,sc,True,1.2,0.6,False,0.05,5.0,,1,20,0.2779126000823453,21.517733299988322,185.46644590003416,0.3221664000302553,14.780274800024927,0,2,126,266.63892120006494,0.22438833645516493,0.5525558008442776,0.013669697199495238,0.08289342860272357,0.45599267504205876,712.0859999999991
d97edc53b59348ef86ce43b082208d3f,diar_pipeline__silero__resnet34__nmesc__sc__enhanced__w1.2__h0.6__auto_1-20,069c_EEPL,1261.3080625,resnet34,nmesc,sc,True,1.2,0.6,False,0.4,17.0,,1,20,0.2983278000028804,22.31265279999934,150.5779376999708,0.35796579997986555,15.57058269996196,0,5,253,260.47788810008205,0.20651409108080768,0.2670064994486029,0.003532462047443313,0.11922264717614212,0.14425139022501746,852.3799999999985
e0086ceccfe242b59497de796f51d5d7,diar_pipeline__silero__resnet34__gmm_bic__sc__enhanced__w1.2__h0.6__auto_1-20,EN2002c,2972.256,resnet34,gmm_bic,sc,True,1.2,0.6,False,0.4,17.0,,1,20,0.5406400000210851,36.94647319999058,269.61597779998556,2.0160606999415904,30.880175800062716,0,7,781,384.96666969999205,0.12952002441915908,0.35663001592486415,0.08501323448684492,0.05215800944621389,0.21945877199180536,1839.8899999999987
e0187c68ca2c4b3e8cb456283a24cfe7,diar_pipeline__silero__campplus__nmesc__sc__enhanced__w1.2__h0.6__auto_1-20,IS1009a,838.8333125,campplus,nmesc,sc,True,1.2,0.6,False,0.4,17.0,,1,20,0.2272881999379024,11.83053470007144,44.23083520005457,0.10946869989857078,1.0411581000080332,0,2,167,77.93764559994452,0.092911958119146,0.6500270731808896,0.03755883210462783,0.12968053646549113,0.48278770461077053,480.1800000000002
e09ac8490d244a54b4ad5107524b53ae,diar_pipeline__silero__resnet34__gmm_bic__sc__enhanced__w1.2__h0.6__auto_1-20,018a_EARZ,1317.715875,resnet34,gmm_bic,sc,True,1.2,0.6,False,0.4,17.0,,1,20,0.4163395001087338,22.65699239994865,134.37845600000583,0.24418550007976592,23.01479519996792,0,4,182,297.13087139988784,0.22548933122619305,0.3538271862871273,0.2709640314857949,0.06485995663069496,0.01800319817063737,871.1229999999994
e1d12508f3614bc2889e642f55bf67d3,diar_pipeline__silero__resnet34__nmesc__sc__enhanced__w1.2__h0.6__auto_1-20,IS1009a,838.8333125,resnet34,nmesc,sc,True,1.2,0.6,False,0.4,17.0,,1,20,0.4354532000143081,25.458601200021803,120.32732469995972,0.16455839993432164,0.3468373999930918,0,1,54,187.77969200001098,0.22385817206086575,0.39292556957807606,0.022220833853971746,0.043983506185180626,0.32672122953892374,480.18000000000023
e5439cea1925471a9bf49ef2ab905bdf,diar_pipeline__silero__campplus__gmm_bic__sc__enhanced__w1.2__h0.6__auto_1-20,069c_EEPL,1261.3080625,campplus,gmm_bic,sc,True,1.2,0.6,False,0.4,17.0,,1,20,0.7445474000414833,106.81405120005365,286.0118359000189,1.1920516000827774,0.14163960004225373,0,1,54,912.2312831000891,0.7232422516129671,0.6394999882681429,0.0026854219948847144,0.06374269691921391,0.5730718693540442,852.3799999999993
ee129defc15a4d6b8da6eb0a37de98eb,diar_pipeline__silero__resnet34__nmesc__sc__enhanced__w1.2__h0.6__auto_1-20,IS1009a,838.8333125,resnet34,nmesc,sc,True,1.2,0.6,False,0.4,17.0,,1,20,0.4689170999918133,19.905138400034048,90.66698849992827,0.2023932000156492,55.80320900003426,0,5,111,209.8747626999393,0.25019841197584686,0.13135699112832674,0.02719813403307122,0.057363905202215335,0.04679495189304019,480.1800000000002
ee3fa45072a74e30a0d7db44c1248031,diar_pipeline__resnet34__gmm_bic__sc__enhanced__w1.2__h0.6__auto_1-20,069c_EEPL,1261.3080625,resnet34,gmm_bic,sc,True,1.2,0.6,False,0.4,17.0,,1,20,0.7115113000618294,42.32419099996332,232.6625297999708,0.7309311999706551,32.0884148000041,0,5,259,474.83648150006775,0.37646352672867955,0.26048241394683197,0.004805368497618128,0.11858208780121585,0.13709495764799798,852.3799999999987
ee786e59b91c402eb73ece17435ebf72,diar_pipeline__silero__resnet34__gmm_bic__sc__enhanced__w1.2__h0.6__auto_1-20,EN2002c,2972.256,resnet34,gmm_bic,sc,True,1.2,0.6,False,0.4,17.0,,1,20,0.7492540000239387,53.50855569995474,470.33388180006295,2.4357363000744954,35.374930900055915,0,7,781,650.0760177000193,0.21871467925374508,0.35663001592486415,0.08501323448684492,0.05215800944621389,0.21945877199180536,1839.8899999999987
fa2ed7ddcc014c7c978d1a2adaf74759,diar_pipeline__silero__ecapa__nmesc__sc__enhanced__w1.2__h0.6__auto_1-20,EN2002c,2972.256,ecapa,nmesc,sc,True,1.2,0.6,False,0.4,17.0,,1,20,0.4263641000725329,55.74406090006232,290.6330324000446,2.2047117999754846,9.965139800100587,0,4,636,411.6775446999818,0.13850675873813756,0.15618596763936954,0.08605677513329653,0.028297887373699974,0.041831305132373035,1839.8899999999999
fb2f3f64122f4e65bcd69c7ee24966bd,diar_pipeline__silero__resnet34__gmm_bic__sc__enhanced__w1.2__h0.6__auto_1-20,IS1009a,838.8333125,resnet34,gmm_bic,sc,True,1.2,0.6,False,0.4,17.0,,1,20,0.35976130003109574,17.2229283999186,96.15853889996652,0.29886540002189577,23.92541269992944,0,4,99,174.60619429999497,0.20815362444251398,0.10399225290516045,0.02581323670290338,0.04928360198258931,0.028895414219667775,480.18000000000023
fc107fc1485d419cbdf170b1d839e072,diar_pipeline__silero__resnet34__nmesc__sc__enhanced__w1.2__h0.6__auto_1-20,IS1009a,838.8333125,resnet34,nmesc,sc,True,1.2,0.6,False,0.4,17.0,,1,20,0.21921069989912212,8.866466599982232,91.44637339992914,0.10344550001900643,3.8193140999646857,0,5,111,131.76149319997057,0.15707708699273978,0.13135699112832674,0.02719813403307122,0.057363905202215335,0.04679495189304019,480.1800000000002
fcb2375446c84466bc02e6864e1485fb,diar_pipeline__silero__resnet34__nmesc__sc__enhanced__w1.2__h0.6__auto_1-20,ES2004a,1049.3546875,resnet34,nmesc,sc,True,1.2,0.6,False,0.05,5.0,,1,20,0.4337565000168979,10.203794300090522,75.17393160006031,0.17277950001880527,4.811039999942295,0,4,151,113.20231880003121,0.10787803223114797,0.1485550749189951,0.10381749699830603,0.028479086827086324,0.016258491093602754,607.9900000000002
