"PhonAlign",0.0,216.34,"#"
"PhonAlign",216.34,216.41,"k"
"PhonAlign",216.41,216.46,"i"
"PhonAlign",216.46,216.5,"v"
"PhonAlign",216.5,216.6,"@"
"PhonAlign",216.6,216.63,"k"
"PhonAlign",216.63,216.69,"O/"
"PhonAlign",216.69,216.77,"m"
"PhonAlign",216.77,216.9,"a~"
"PhonAlign",216.9,216.93,"s"
"PhonAlign",216.93,217.03,"e"
"PhonAlign",217.03,217.189687,"R"
"PhonAlign",217.189687,228.095,"#"
"PhonAlign",228.095,228.135,"p"
"PhonAlign",228.135,228.175,"E"
"PhonAlign",228.175,228.215,"R"
"PhonAlign",228.215,228.285,"s"
"PhonAlign",228.285,228.385,"O/"
"PhonAlign",228.385,228.425,"n"
"PhonAlign",228.425,228.597187,"@"
"PhonAlign",228.597187,244.73,"#"
"PhonAlign",244.73,244.83,"b"
"PhonAlign",244.83,244.93,"E"
"PhonAlign",244.93,244.99,"S"
"PhonAlign",244.99,245.04,"p"
"PhonAlign",245.04,245.1,"a~"
"PhonAlign",245.1,245.18,"s"
"PhonAlign",245.18,245.22,"k"
"PhonAlign",245.22,245.28,"i"
"PhonAlign",245.28,245.31,"f"
"PhonAlign",245.31,245.37,"O/"
"PhonAlign",245.37,245.4,"d"
"PhonAlign",245.4,245.45,"i"
"PhonAlign",245.45,245.57,"R"
"PhonAlign",245.57,245.6,"s"
"PhonAlign",245.6,245.68,"k"
"PhonAlign",245.68,245.78,"O~"
"PhonAlign",245.78,245.83,"p"
"PhonAlign",245.83,245.97,"a~"
"PhonAlign",245.97,246.13,"s"
"PhonAlign",246.13,246.73,"A/"
"PhonAlign",246.73,246.9,"i"
"PhonAlign",246.9,246.93,"s"
"PhonAlign",246.93,246.96,"t"
"PhonAlign",246.96,246.99,"d"
"PhonAlign",246.99,247.03,"g"
"PhonAlign",247.03,247.18,"A/"
"PhonAlign",247.18,247.21,"f"
"PhonAlign",247.21,247.24,"A/"
"PhonAlign",247.24,247.35,"m"
"PhonAlign",247.35,278.53,"#"
"PhonAlign",278.53,278.57,"v"
"PhonAlign",278.57,278.71,"A/"
"PhonAlign",278.71,278.94,"z"
"PhonAlign",278.94,278.985,"j"
"PhonAlign",278.985,366.38,"#"
"PhonAlign",366.38,366.45,"E"
"PhonAlign",366.45,366.51,"a~"
"PhonAlign",366.51,366.57,"s"
"PhonAlign",366.57,366.63,"k"
"PhonAlign",366.63,366.7,"k"
"PhonAlign",366.7,366.77,"O~"
"PhonAlign",366.77,366.82,"s"
"PhonAlign",366.82,366.85,"E"
"PhonAlign",366.85,366.91,"R"
"PhonAlign",366.91,366.94,"n"
"PhonAlign",366.94,367.05,"l"
"PhonAlign",367.05,367.08,"n"
"PhonAlign",367.08,367.13,"y"
"PhonAlign",367.13,367.17,"m"
"PhonAlign",367.17,367.41,"E"
"PhonAlign",367.41,367.44,"R"
"PhonAlign",367.44,367.47,"i"
"PhonAlign",367.47,367.529063,"k"
"PhonAlign",367.529063,370.25,"#"
"PhonAlign",370.25,370.34,"E"
"PhonAlign",370.34,370.39,"l"
"PhonAlign",370.39,370.47,"n"
"PhonAlign",370.47,370.54,"y"
"PhonAlign",370.54,370.57,"m"
"PhonAlign",370.57,370.62,"E"
"PhonAlign",370.62,370.69,"R"
"PhonAlign",370.69,370.73,"i"
"PhonAlign",370.73,370.76,"k"
"PhonAlign",370.76,370.86,"t"
"PhonAlign",370.86,370.92,"u"
"PhonAlign",370.92,370.96,"k"
"PhonAlign",370.96,371.06,"u"
"PhonAlign",371.06,371.15,"R"
"PhonAlign",371.15,371.47,"#"
"PhonAlign",371.47,371.5100000000001,"u"
"PhonAlign",371.5100000000001,371.54,"l"
"PhonAlign",371.54,371.59,"O/"
"PhonAlign",371.59,371.98,"R"
"PhonAlign",371.98,372.05,"d"
"PhonAlign",372.05,372.17,"@"
"PhonAlign",372.17,372.24,"O/"
"PhonAlign",372.24,372.29,"p"
"PhonAlign",372.29,372.36,"E"
"PhonAlign",372.36,372.4,"n"
"PhonAlign",372.4,441.905,"#"
"PhonAlign",441.905,441.955,"w"
"PhonAlign",441.955,442.16,"E"
"PhonAlign",442.16,442.28,"#"
"PhonAlign",442.28,442.525,"noise"
"PhonAlign",442.525,442.68,"#"
"PhonAlign",442.68,442.74,"w"
"PhonAlign",442.74,442.99,"E"
"PhonAlign",442.99,443.635,"#"
"PhonAlign",443.635,443.735,"O/"
"PhonAlign",443.735,443.775,"p"
"PhonAlign",443.775,443.865,"E"
"PhonAlign",443.865,443.895,"n"
"PhonAlign",443.895,444.015,"s"
"PhonAlign",444.015,444.065,"u"
"PhonAlign",444.065,444.105,"R"
"PhonAlign",444.105,444.165,"s"
"PhonAlign",444.165,444.255,"s"
"PhonAlign",444.255,444.285,"e"
"PhonAlign",444.285,444.325,"t"
"PhonAlign",444.325,444.365,"u"
"PhonAlign",444.365,444.415,"s"
"PhonAlign",444.415,444.585,"k"
"PhonAlign",444.585,444.835,"E"
"PhonAlign",444.835,444.895,"O/"
"PhonAlign",444.895,444.925,"p"
"PhonAlign",444.925,445.075,"E"
"PhonAlign",445.075,445.125,"n"
"PhonAlign",445.125,445.185,"d"
"PhonAlign",445.185,445.215,"O/"
"PhonAlign",445.215,445.315,"k"
"PhonAlign",445.315,445.375,"y"
"PhonAlign",445.375,445.415,"m"
"PhonAlign",445.415,445.945,"a~"
"PhonAlign",445.945,446.075,"w"
"PhonAlign",446.075,446.105,"O/"
"PhonAlign",446.105,446.135,"R"
"PhonAlign",446.135,446.165,"l"
"PhonAlign",446.165,446.195,"d"
"PhonAlign",446.195,446.225,"E"
"PhonAlign",446.225,446.255,"t"
"PhonAlign",446.255,446.285,"u"
"PhonAlign",446.285,446.445,"s"
"PhonAlign",446.445,446.515,"A/"
"PhonAlign",446.515,446.545,"n"
"PhonAlign",446.545,446.672813,"O/"
"PhonAlign",446.672813,689.73,"#"
"PhonAlign",689.73,689.86,"u"
"PhonAlign",689.86,689.99,"i"
"PhonAlign",689.99,690.185,"#"
"PhonAlign",690.185,690.525,"noise"
"PhonAlign",690.525,690.8,"#"
"PhonAlign",690.8,690.9499999999999,"Z"
"PhonAlign",690.9499999999999,690.9799999999999,"y"
"PhonAlign",690.9799999999999,691.02,"s"
"PhonAlign",691.02,691.0799999999999,"t"
"PhonAlign",691.0799999999999,691.12,"w"
"PhonAlign",691.12,691.3399999999999,"A/"
"PhonAlign",691.3399999999999,691.5799999999999,"t"
"PhonAlign",691.5799999999999,691.64,"y"
"PhonAlign",691.64,692.0,"t"
"PhonAlign",692.0,692.06,"i"
"PhonAlign",692.06,692.16,"l"
"PhonAlign",692.16,692.1899999999999,"i"
"PhonAlign",692.1899999999999,692.31,"z"
"PhonAlign",692.31,692.4799999999999,"l"
"PhonAlign",692.4799999999999,692.67,"E"
"PhonAlign",692.67,692.8499999999999,"z"
"PhonAlign",692.8499999999999,693.25,"R"
"PhonAlign",693.25,693.38,"E"
"PhonAlign",693.38,693.41,"z"
"PhonAlign",693.41,693.4399999999999,"O/"
"PhonAlign",693.4399999999999,693.4699999999999,"s"
"PhonAlign",693.4699999999999,693.52,"O/"
"PhonAlign",693.52,693.56,"s"
"PhonAlign",693.56,693.5899999999999,"j"
"PhonAlign",693.5899999999999,693.81,"O/"
"PhonAlign",693.81,693.91,"u"
"PhonAlign",693.91,694.1999999999999,"p"
"PhonAlign",694.1999999999999,694.24,"A/"
"PhonAlign",694.24,694.4499999999999,"#"
"PhonAlign",694.4499999999999,694.49,"t"
"PhonAlign",694.49,694.54,"y"
"PhonAlign",694.54,694.5699999999999,"l"
"PhonAlign",694.5699999999999,694.67,"A/"
"PhonAlign",694.67,694.7199999999999,"p"
"PhonAlign",694.7199999999999,694.8199999999999,"A/"
"PhonAlign",694.8199999999999,694.87,"d"
"PhonAlign",694.87,695.02,"i"
"PhonAlign",695.02,798.94958,"#"
"PhonAlign",798.94958,799.03958,"d"
"PhonAlign",799.03958,799.1295799999999,"A/"
"PhonAlign",799.1295799999999,799.19958,"k"
"PhonAlign",799.19958,799.31958,"O/"
"PhonAlign",799.31958,799.363079,"R"
"PhonAlign",799.363079,844.135,"#"
"PhonAlign",844.135,844.225,"d"
"PhonAlign",844.225,844.255,"k"
"PhonAlign",844.255,844.325,"u"
"PhonAlign",844.325,844.355,"i"
"PhonAlign",844.355,844.585,"R"
"PhonAlign",844.585,844.675,"E"
"PhonAlign",844.675,844.775,"s"
"PhonAlign",844.775,844.825,"t"
"PhonAlign",844.825,844.895,"@"
"PhonAlign",844.895,845.015,"fp"
"PhonAlign",845.015,845.145,"s"
"PhonAlign",845.145,845.1949999999999,"i"
"PhonAlign",845.1949999999999,845.235,"m"
"PhonAlign",845.235,845.265,"i"
"PhonAlign",845.265,845.355,"n"
"PhonAlign",845.355,845.395,"y"
"PhonAlign",845.395,845.445,"t"
"PhonAlign",845.445,846.305,"#"
"PhonAlign",846.305,846.3549999999999,"fp"
"PhonAlign",846.3549999999999,846.385,"b"
"PhonAlign",846.385,846.8249999999999,"U~/"
"PhonAlign",846.8249999999999,846.8549999999999,"m"
"PhonAlign",846.8549999999999,846.895,"w"
"PhonAlign",846.895,846.9849999999999,"A/"
"PhonAlign",846.9849999999999,847.165,"d"
"PhonAlign",847.165,847.255,"y"
"PhonAlign",847.255,847.295,"k"
"PhonAlign",847.295,847.3449999999999,"u"
"PhonAlign",847.3449999999999,847.6149999999999,"l"
"PhonAlign",847.6149999999999,847.7249999999999,"@"
"PhonAlign",847.7249999999999,847.775,"g"
"PhonAlign",847.775,847.8549999999999,"A/"
"PhonAlign",847.8549999999999,847.885,"f"
"PhonAlign",847.885,847.925,"A/"
"PhonAlign",847.925,848.045,"m"
"PhonAlign",848.045,848.535,"fp"
"PhonAlign",848.535,848.625,"d"
"PhonAlign",848.625,848.7049999999999,"O~"
"PhonAlign",848.7049999999999,848.8249999999999,"k"
"PhonAlign",848.8249999999999,848.885,"fp"
"PhonAlign",848.885,848.915,"m"
"PhonAlign",848.915,848.9449999999999,"w"
"PhonAlign",848.9449999999999,849.155,"A/"
"PhonAlign",849.155,849.185,"Z"
"PhonAlign",849.185,849.2149999999999,"y"
"PhonAlign",849.2149999999999,849.245,"t"
"PhonAlign",849.245,849.275,"i"
"PhonAlign",849.275,849.3449999999999,"l"
"PhonAlign",849.3449999999999,849.375,"i"
"PhonAlign",849.375,849.5849999999999,"z"
"PhonAlign",849.5849999999999,849.635,"b"
"PhonAlign",849.635,849.7249999999999,"O/"
"PhonAlign",849.7249999999999,849.765,"k"
"PhonAlign",849.765,849.8249999999999,"u"
"PhonAlign",849.8249999999999,849.8649999999999,"A/"
"PhonAlign",849.8649999999999,849.9449999999999,"m"
"PhonAlign",849.9449999999999,850.005,"A/"
"PhonAlign",850.005,850.0949999999999,"z"
"PhonAlign",850.0949999999999,850.3549999999999,"O/"
"PhonAlign",850.3549999999999,850.39,"n"
"PhonAlign",850.39,850.915,"#"
"PhonAlign",850.915,851.005,"d"
"PhonAlign",851.005,851.175,"O~"
"PhonAlign",851.175,851.255,"k"
"PhonAlign",851.255,851.665,"fp"
"PhonAlign",851.665,851.7049999999999,"t"
"PhonAlign",851.7049999999999,851.795,"R"
"PhonAlign",851.795,851.8349999999999,"e"
"PhonAlign",851.8349999999999,851.9449999999999,"s"
"PhonAlign",851.9449999999999,851.985,"u"
"PhonAlign",851.985,852.025,"v"
"PhonAlign",852.025,852.165,"a~"
"PhonAlign",852.165,852.1949999999999,"Z"
"PhonAlign",852.1949999999999,852.2249999999999,"E"
"PhonAlign",852.2249999999999,852.285,"S"
"PhonAlign",852.285,852.3349999999999,"E"
"PhonAlign",852.3349999999999,852.365,"A/"
"PhonAlign",852.365,852.435,"m"
"PhonAlign",852.435,852.485,"A/"
"PhonAlign",852.485,852.535,"z"
"PhonAlign",852.535,852.5649999999999,"O/"
"PhonAlign",852.5649999999999,852.645,"n"
"PhonAlign",852.645,852.7049999999999,"p"
"PhonAlign",852.7049999999999,852.775,"R"
"PhonAlign",852.775,852.805,"i"
"PhonAlign",852.805,852.8349999999999,"m"
"PhonAlign",852.8349999999999,852.885,"E"
"PhonAlign",852.885,852.985,"t"
"PhonAlign",852.985,853.0649999999999,"u"
"PhonAlign",853.0649999999999,853.155,"Z"
"PhonAlign",853.155,853.36,"E"
"PhonAlign",853.36,853.635,"#"
"PhonAlign",853.635,853.725,"v"
"PhonAlign",853.725,854.035,"l"
"PhonAlign",854.035,854.07,"A/"
"PhonAlign",854.07,854.355,"#"
"PhonAlign",854.355,854.395,"l"
"PhonAlign",854.395,854.4350000000001,"A/"
"PhonAlign",854.4350000000001,854.465,"f"
"PhonAlign",854.465,854.525,"A/"
"PhonAlign",854.525,854.645,"s"
"PhonAlign",854.645,854.6750000000001,"i"
"PhonAlign",854.6750000000001,854.705,"l"
"PhonAlign",854.705,854.775,"i"
"PhonAlign",854.775,854.8050000000001,"t"
"PhonAlign",854.8050000000001,854.905,"e"
"PhonAlign",854.905,854.945,"k"
"PhonAlign",854.945,855.015,"O/"
"PhonAlign",855.015,855.0450000000001,"m"
"PhonAlign",855.0450000000001,855.115,"v"
"PhonAlign",855.115,855.145,"u"
"PhonAlign",855.145,855.245,"d"
"PhonAlign",855.245,855.275,"i"
"PhonAlign",855.275,855.375,"t"
"PhonAlign",855.375,855.465,"@"
"PhonAlign",855.465,856.245,"#"
"PhonAlign",856.245,856.525,"e"
"PhonAlign",856.525,856.655,"a~"
"PhonAlign",856.655,856.6850000000001,"p"
"PhonAlign",856.6850000000001,856.715,"l"
"PhonAlign",856.715,856.745,"y"
"PhonAlign",856.745,856.855,"s"
"PhonAlign",856.855,856.905,"e"
"PhonAlign",856.905,856.9350000000001,"p"
"PhonAlign",856.9350000000001,857.025,"A/"
"PhonAlign",857.025,857.115,"S"
"PhonAlign",857.115,857.215,"E"
"PhonAlign",857.215,857.305,"R"
"PhonAlign",857.305,857.335,"d"
"PhonAlign",857.335,857.445,"O~"
"PhonAlign",857.445,857.515,"k"
"PhonAlign",857.515,857.565,"a~"
"PhonAlign",857.565,857.635,"O~"
"PhonAlign",857.635,857.665,"e"
"PhonAlign",857.665,857.695,"E"
"PhonAlign",857.695,857.725,"t"
"PhonAlign",857.725,857.765,"y"
"PhonAlign",857.765,857.795,"d"
"PhonAlign",857.795,857.965,"j"
"PhonAlign",857.965,858.055,"a~"
"PhonAlign",858.055,858.085,"Z"
"PhonAlign",858.085,858.115,"t"
"PhonAlign",858.115,858.175,"R"
"PhonAlign",858.175,858.205,"u"
"PhonAlign",858.205,858.235,"v"
"PhonAlign",858.235,858.315,"s"
"PhonAlign",858.315,858.695,"A/"
"PhonAlign",858.695,858.725,"Z"
"PhonAlign",858.725,858.755,"t"
"PhonAlign",858.755,858.805,"R"
"PhonAlign",858.805,858.835,"u"
"PhonAlign",858.835,858.865,"v"
"PhonAlign",858.865,859.035,"s"
"PhonAlign",859.035,859.115,"s"
"PhonAlign",859.115,859.155,"e"
"PhonAlign",859.155,859.255,"s"
"PhonAlign",859.255,859.315,"U~/"
"PhonAlign",859.315,859.365,"p"
"PhonAlign",859.365,859.625,"A/"
"PhonAlign",859.625,862.772932,"#"
"PhonAlign",862.772932,863.166685,"noise"
"PhonAlign",863.166685,863.685,"#"
"PhonAlign",863.685,863.805,"fp"
"PhonAlign",863.805,863.8349999999999,"m"
"PhonAlign",863.8349999999999,863.8649999999999,"w"
"PhonAlign",863.8649999999999,864.3149999999999,"A/"
"PhonAlign",864.3149999999999,864.3449999999999,"Z"
"PhonAlign",864.3449999999999,864.375,"s"
"PhonAlign",864.375,864.4649999999999,"y"
"PhonAlign",864.4649999999999,864.4949999999999,"i"
"PhonAlign",864.4949999999999,864.535,"t"
"PhonAlign",864.535,864.625,"R"
"PhonAlign",864.625,864.6949999999999,"E"
"PhonAlign",864.6949999999999,864.755,"z"
"PhonAlign",864.755,864.795,"s"
"PhonAlign",864.795,864.875,"A/"
"PhonAlign",864.875,864.935,"m"
"PhonAlign",864.935,865.0649999999999,"s"
"PhonAlign",865.0649999999999,865.2149999999999,"u"
"PhonAlign",865.2149999999999,865.305,"n"
"PhonAlign",865.305,865.475,"g"
"PhonAlign",865.475,865.82,"#"
"PhonAlign",865.82,866.0600000000001,"fp"
"PhonAlign",866.0600000000001,866.2,"d"
"PhonAlign",866.2,866.34,"O~"
"PhonAlign",866.34,866.45,"k"
"PhonAlign",866.45,867.09,"fp"
"PhonAlign",867.09,867.2700000000001,"A/"
"PhonAlign",867.2700000000001,867.3100000000001,"p"
"PhonAlign",867.3100000000001,867.47,"l"
"PhonAlign",867.47,867.5300000000001,"m"
"PhonAlign",867.5300000000001,867.5600000000001,"w"
"PhonAlign",867.5600000000001,867.59,"A/"
"PhonAlign",867.59,867.6600000000001,"Z"
"PhonAlign",867.6600000000001,867.87,"i"
"PhonAlign",867.87,867.9000000000001,"k"
"PhonAlign",867.9000000000001,867.97,"O~"
"PhonAlign",867.97,868.0200000000001,"p"
"PhonAlign",868.0200000000001,868.07,"R"
"PhonAlign",868.07,868.1,"a~"
"PhonAlign",868.1,868.13,"R"
"PhonAlign",868.13,868.1600000000001,"j"
"PhonAlign",868.1600000000001,868.227188,"U~/"
"PhonAlign",868.227188,869.165,"#"
"PhonAlign",869.165,869.2049999999999,"v"
"PhonAlign",869.2049999999999,869.265,"w"
"PhonAlign",869.265,869.5749999999999,"A/"
"PhonAlign",869.5749999999999,869.905,"l"
"PhonAlign",869.905,869.935,"A/"
"PhonAlign",869.935,870.035,"Z"
"PhonAlign",870.035,870.185,"i"
"PhonAlign",870.185,870.3149999999999,"i"
"PhonAlign",870.3149999999999,870.375,"k"
"PhonAlign",870.375,870.4649999999999,"O~"
"PhonAlign",870.4649999999999,870.515,"p"
"PhonAlign",870.515,870.985,"R"
"PhonAlign",870.985,871.015,"a~"
"PhonAlign",871.015,871.0949999999999,"R"
"PhonAlign",871.0949999999999,871.125,"j"
"PhonAlign",871.125,871.165,"U~/"
"PhonAlign",871.165,871.1949999999999,"A/"
"PhonAlign",871.1949999999999,871.265,"A/"
"PhonAlign",871.265,871.295,"p"
"PhonAlign",871.295,871.355,"l"
"PhonAlign",871.355,871.395,"@"
"PhonAlign",871.395,871.425,"d"
"PhonAlign",871.425,871.4549999999999,"O~"
"PhonAlign",871.4549999999999,871.485,"m"
"PhonAlign",871.485,871.535,"w"
"PhonAlign",871.535,871.5849999999999,"A/"
"PhonAlign",871.5849999999999,871.655,"s"
"PhonAlign",871.655,871.7049999999999,"e"
"PhonAlign",871.7049999999999,871.765,"s"
"PhonAlign",871.765,871.8349999999999,"A/"
"PhonAlign",871.8349999999999,871.885,"m"
"PhonAlign",871.885,871.995,"s"
"PhonAlign",871.995,872.035,"u"
"PhonAlign",872.035,872.0649999999999,"n"
"PhonAlign",872.0649999999999,872.155,"g"
"PhonAlign",872.155,872.545,"fp"
"PhonAlign",872.545,872.665,"d"
"PhonAlign",872.665,872.6949999999999,"2"
"PhonAlign",872.6949999999999,872.795,"p"
"PhonAlign",872.795,872.8349999999999,"y"
"PhonAlign",872.8349999999999,872.865,"i"
"PhonAlign",872.865,872.895,"l"
"PhonAlign",872.895,872.925,"d"
"PhonAlign",872.925,873.0749999999999,"e"
"PhonAlign",873.0749999999999,873.115,"b"
"PhonAlign",873.115,873.3449999999999,"y"
"PhonAlign",873.3449999999999,873.525,"e"
"PhonAlign",873.525,873.8249999999999,"fp"
"PhonAlign",873.8249999999999,873.9649999999999,"p"
"PhonAlign",873.9649999999999,874.015,"u"
"PhonAlign",874.015,874.0649999999999,"R"
"PhonAlign",874.0649999999999,874.115,"t"
"PhonAlign",874.115,874.165,"u"
"PhonAlign",874.165,874.2249999999999,"j"
"PhonAlign",874.2249999999999,874.3349999999999,"u"
"PhonAlign",874.3349999999999,874.63,"R"
"PhonAlign",874.63,875.83,"#"
"PhonAlign",875.83,876.175,"noise"
"PhonAlign",876.175,876.29,"#"
"PhonAlign",876.29,876.3299999999999,"A/"
"PhonAlign",876.3299999999999,876.36,"p"
"PhonAlign",876.36,876.39,"R"
"PhonAlign",876.39,876.62,"e"
"PhonAlign",876.62,877.32,"fp"
"PhonAlign",877.32,878.56,"#"
"PhonAlign",878.56,878.77,"A/"
"PhonAlign",878.77,878.8,"l"
"PhonAlign",878.8,878.8299999999999,"R"
"PhonAlign",878.8299999999999,878.8599999999999,"l"
"PhonAlign",878.8599999999999,878.9,"E"
"PhonAlign",878.9,878.93,"R"
"PhonAlign",878.93,879.01,"E"
"PhonAlign",879.01,879.0699999999999,"z"
"PhonAlign",879.0699999999999,879.0999999999999,"O/"
"PhonAlign",879.0999999999999,879.2099999999999,"s"
"PhonAlign",879.2099999999999,879.25,"O/"
"PhonAlign",879.25,879.3699999999999,"s"
"PhonAlign",879.3699999999999,879.4,"j"
"PhonAlign",879.4,879.4599999999999,"O/"
"PhonAlign",879.4599999999999,879.52,"b"
"PhonAlign",879.52,879.63,"E"
"PhonAlign",879.63,879.77,"Z"
"PhonAlign",879.77,879.81,"s"
"PhonAlign",879.81,879.88,"y"
"PhonAlign",879.88,880.0,"i"
"PhonAlign",880.0,880.0799999999999,"b"
"PhonAlign",880.0799999999999,880.1999999999999,"O/"
"PhonAlign",880.1999999999999,880.2299999999999,"k"
"PhonAlign",880.2299999999999,880.3199999999999,"u"
"PhonAlign",880.3199999999999,880.38,"d"
"PhonAlign",880.38,880.4499999999999,"@"
"PhonAlign",880.4499999999999,880.54,"s"
"PhonAlign",880.54,880.76,"y"
"PhonAlign",880.76,880.79,"d"
"PhonAlign",880.79,880.9799999999999,"O~"
"PhonAlign",880.9799999999999,881.04,"k"
"PhonAlign",881.04,881.56,"fp"
"PhonAlign",881.56,881.7099999999999,"S"
"PhonAlign",881.7099999999999,881.8199999999999,"e"
"PhonAlign",881.8199999999999,881.8699999999999,"f"
"PhonAlign",881.8699999999999,881.9799999999999,"E"
"PhonAlign",881.9799999999999,882.04,"i"
"PhonAlign",882.04,882.0699999999999,"s"
"PhonAlign",882.0699999999999,882.1099999999999,"b"
"PhonAlign",882.1099999999999,882.39,"u"
"PhonAlign",882.39,882.42,"k"
"PhonAlign",882.42,882.5899999999999,"S"
"PhonAlign",882.5899999999999,882.66,"e"
"PhonAlign",882.66,882.8499999999999,"s"
"PhonAlign",882.8499999999999,882.88,"n"
"PhonAlign",882.88,883.39,"A/"
"PhonAlign",883.39,883.51,"p"
"PhonAlign",883.51,883.8199999999999,"U~/"
"PhonAlign",883.8199999999999,883.9,"s"
"PhonAlign",883.9,883.93,"t"
"PhonAlign",883.93,883.97,"A/"
"PhonAlign",883.97,884.355,"#"
"PhonAlign",884.355,884.5550000000001,"fp"
"PhonAlign",884.5550000000001,884.655,"S"
"PhonAlign",884.655,884.695,"p"
"PhonAlign",884.695,884.755,"y"
"PhonAlign",884.755,884.8050000000001,"b"
"PhonAlign",884.8050000000001,884.865,"l"
"PhonAlign",884.865,884.9350000000001,"i"
"PhonAlign",884.9350000000001,884.975,"b"
"PhonAlign",884.975,885.845,"O/"
"PhonAlign",885.845,885.9250000000001,"k"
"PhonAlign",885.9250000000001,885.955,"u"
"PhonAlign",885.955,885.985,"e"
"PhonAlign",885.985,886.075,"Z"
"PhonAlign",886.075,886.105,"m"
"PhonAlign",886.105,886.235,"e"
"PhonAlign",886.235,886.265,"b"
"PhonAlign",886.265,886.315,"O/"
"PhonAlign",886.315,886.345,"k"
"PhonAlign",886.345,886.395,"u"
"PhonAlign",886.395,886.4350000000001,"d"
"PhonAlign",886.4350000000001,886.485,"s"
"PhonAlign",886.485,886.5550000000001,"t"
"PhonAlign",886.5550000000001,886.605,"O/"
"PhonAlign",886.605,886.635,"R"
"PhonAlign",886.635,886.945,"i"
"PhonAlign",886.945,886.995,"z"
"PhonAlign",886.995,887.145,"A/"
"PhonAlign",887.145,887.255,"t"
"PhonAlign",887.255,887.3050000000001,"u"
"PhonAlign",887.3050000000001,887.4250000000001,"l"
"PhonAlign",887.4250000000001,887.575,"m"
"PhonAlign",887.575,887.625,"O~"
"PhonAlign",887.625,887.665,"d"
"PhonAlign",887.665,887.765,"@"
"PhonAlign",887.765,888.405,"#"
"PhonAlign",888.405,889.19,"fp"
"PhonAlign",889.19,889.935,"#"
"PhonAlign",889.935,890.1149999999999,"A/"
"PhonAlign",890.1149999999999,890.145,"p"
"PhonAlign",890.145,890.2149999999999,"R"
"PhonAlign",890.2149999999999,890.505,"e"
"PhonAlign",890.505,890.9449999999999,"fp"
"PhonAlign",890.9449999999999,890.9749999999999,"Z"
"PhonAlign",890.9749999999999,891.005,"y"
"PhonAlign",891.005,891.035,"t"
"PhonAlign",891.035,891.125,"i"
"PhonAlign",891.125,891.155,"l"
"PhonAlign",891.155,891.265,"i"
"PhonAlign",891.265,891.375,"z"
"PhonAlign",891.375,891.425,"p"
"PhonAlign",891.425,892.1149999999999,"A/"
"PhonAlign",892.1149999999999,892.2449999999999,"t"
"PhonAlign",892.2449999999999,892.275,"w"
"PhonAlign",892.275,892.3349999999999,"i"
"PhonAlign",892.3349999999999,892.385,"t"
"PhonAlign",892.385,892.415,"t"
"PhonAlign",892.415,892.4549999999999,"E"
"PhonAlign",892.4549999999999,892.665,"R"
"PhonAlign",892.665,892.6949999999999,"p"
"PhonAlign",892.6949999999999,892.755,"s"
"PhonAlign",892.755,892.785,"k"
"PhonAlign",892.785,892.8249999999999,"t"
"PhonAlign",892.8249999999999,892.8549999999999,"w"
"PhonAlign",892.8549999999999,893.025,"i"
"PhonAlign",893.025,893.055,"t"
"PhonAlign",893.055,893.0849999999999,"t"
"PhonAlign",893.0849999999999,893.1149999999999,"E"
"PhonAlign",893.1149999999999,893.295,"R"
"PhonAlign",893.295,893.4749999999999,"fp"
"PhonAlign",893.4749999999999,893.545,"Z"
"PhonAlign",893.545,893.655,"E"
"PhonAlign",893.655,893.685,"m"
"PhonAlign",893.685,893.7449999999999,"p"
"PhonAlign",893.7449999999999,894.09,"A/"
"PhonAlign",894.09,895.29,"#"
"PhonAlign",895.29,895.49,"fp"
"PhonAlign",895.49,895.5699999999999,"S"
"PhonAlign",895.5699999999999,895.5999999999999,"y"
"PhonAlign",895.5999999999999,895.65,"t"
"PhonAlign",895.65,895.75,"i"
"PhonAlign",895.75,895.78,"l"
"PhonAlign",895.78,895.8399999999999,"i"
"PhonAlign",895.8399999999999,895.9399999999999,"z"
"PhonAlign",895.9399999999999,896.01,"l"
"PhonAlign",896.01,896.06,"U~/"
"PhonAlign",896.06,896.0899999999999,"k"
"PhonAlign",896.0899999999999,896.1899999999999,"e"
"PhonAlign",896.1899999999999,896.2199999999999,"d"
"PhonAlign",896.2199999999999,896.3299999999999,"i"
"PhonAlign",896.3299999999999,896.4,"n"
"PhonAlign",896.4,896.43,"O/"
"PhonAlign",896.43,896.5799999999999,"s"
"PhonAlign",896.5799999999999,896.65,"i"
"PhonAlign",896.65,896.73,"fp"
"PhonAlign",896.73,896.76,"p"
"PhonAlign",896.76,896.79,"u"
"PhonAlign",896.79,896.99,"R"
"PhonAlign",896.99,897.02,"l"
"PhonAlign",897.02,897.05,"@"
"PhonAlign",897.05,897.0799999999999,"p"
"PhonAlign",897.0799999999999,897.23,"R"
"PhonAlign",897.23,897.3299999999999,"O/"
"PhonAlign",897.3299999999999,897.39,"f"
"PhonAlign",897.39,897.42,"E"
"PhonAlign",897.42,897.51,"s"
"PhonAlign",897.51,897.54,"j"
"PhonAlign",897.54,897.5699999999999,"O/"
"PhonAlign",897.5699999999999,897.5999999999999,"n"
"PhonAlign",897.5999999999999,897.91,"E"
"PhonAlign",897.91,897.9399999999999,"l"
"PhonAlign",897.9399999999999,898.12,"s"
"PhonAlign",898.12,898.16,"A/"
"PhonAlign",898.16,898.27,"S"
"PhonAlign",898.27,898.31,"t"
"PhonAlign",898.31,898.36,"R"
"PhonAlign",898.36,898.4,"u"
"PhonAlign",898.4,898.43,"v"
"PhonAlign",898.43,898.4699999999999,"s"
"PhonAlign",898.4699999999999,898.51,"s"
"PhonAlign",898.51,898.63,"U~/"
"PhonAlign",898.63,898.66,"p"
"PhonAlign",898.66,898.8199999999999,"A/"
"PhonAlign",898.8199999999999,898.8499999999999,"Z"
"PhonAlign",898.8499999999999,898.92,"y"
"PhonAlign",898.92,898.9499999999999,"s"
"PhonAlign",898.9499999999999,899.04,"p"
"PhonAlign",899.04,899.1899999999999,"u"
"PhonAlign",899.1899999999999,899.36,"R"
"PhonAlign",899.36,899.4699999999999,"fp"
"PhonAlign",899.4699999999999,899.5699999999999,"v"
"PhonAlign",899.5699999999999,899.61,"w"
"PhonAlign",899.61,899.65,"A/"
"PhonAlign",899.65,899.68,"l"
"PhonAlign",899.68,899.74,"A/"
"PhonAlign",899.74,899.79,"p"
"PhonAlign",899.79,899.8499999999999,"u"
"PhonAlign",899.8499999999999,899.9,"R"
"PhonAlign",899.9,899.9599999999999,"t"
"PhonAlign",899.9599999999999,900.03,"R"
"PhonAlign",900.03,900.06,"u"
"PhonAlign",900.06,900.0899999999999,"v"
"PhonAlign",900.0899999999999,900.18,"e"
"PhonAlign",900.18,900.2099999999999,"d"
"PhonAlign",900.2099999999999,900.24,"s"
"PhonAlign",900.24,900.27,"t"
"PhonAlign",900.27,900.4399999999999,"A/"
"PhonAlign",900.4399999999999,900.48,"Z"
"PhonAlign",900.48,900.52,"e"
"PhonAlign",900.52,900.55,"d"
"PhonAlign",900.55,900.5799999999999,"t"
"PhonAlign",900.5799999999999,900.61,"R"
"PhonAlign",900.61,900.64,"y"
"PhonAlign",900.64,900.67,"k"
"PhonAlign",900.67,900.78,"k"
"PhonAlign",900.78,900.83,"O/"
"PhonAlign",900.83,900.86,"m"
"PhonAlign",900.86,900.92,"s"
"PhonAlign",900.92,901.133438,"A/"
"PhonAlign",901.133438,903.32,"#"
"PhonAlign",903.32,903.39,"w"
"PhonAlign",903.39,903.563437,"E"
"PhonAlign",903.563437,904.845,"#"
"PhonAlign",904.845,905.352188,"noise"
"PhonAlign",905.352188,907.45,"#"
"PhonAlign",907.45,907.55,"w"
"PhonAlign",907.55,907.67,"E"
"PhonAlign",907.67,907.72,"s"
"PhonAlign",907.72,907.77,"e"
"PhonAlign",907.77,907.8,"b"
"PhonAlign",907.8,907.84,"j"
"PhonAlign",907.84,907.97,"U~/"
"PhonAlign",907.97,908.085938,"s"
"PhonAlign",908.085938,913.08,"#"
"PhonAlign",913.08,913.13,"m"
"PhonAlign",913.13,913.18,"u"
"PhonAlign",913.18,913.21,"e"
"PhonAlign",913.21,913.24,"d"
"PhonAlign",913.24,913.45,"A/"
"PhonAlign",913.45,913.69,"k"
"PhonAlign",913.69,913.77,"O/"
"PhonAlign",913.77,913.81,"R"
"PhonAlign",913.81,925.77,"#"
"PhonAlign",925.77,925.81,"d"
"PhonAlign",925.81,925.92,"A/"
"PhonAlign",925.92,926.0,"k"
"PhonAlign",926.0,926.06,"O/"
"PhonAlign",926.06,926.15,"R"
"PhonAlign",926.15,1004.91,"#"
"PhonAlign",1004.91,1004.99,"fp"
"PhonAlign",1004.99,1006.06,"A/"
"PhonAlign",1006.06,1006.09,"l"
"PhonAlign",1006.09,1006.12,"R"
"PhonAlign",1006.12,1006.15,"l"
"PhonAlign",1006.15,1006.22,"O/"
"PhonAlign",1006.22,1006.27,"p"
"PhonAlign",1006.27,1006.36,"E"
"PhonAlign",1006.36,1006.39,"n"
"PhonAlign",1006.39,1006.54,"s"
"PhonAlign",1006.54,1006.58,"u"
"PhonAlign",1006.58,1006.64,"R"
"PhonAlign",1006.64,1006.67,"s"
"PhonAlign",1006.67,1006.73,"b"
"PhonAlign",1006.73,1006.82,"E"
"PhonAlign",1006.82,1006.85,"d"
"PhonAlign",1006.85,1006.96,"y"
"PhonAlign",1006.96,1007.0,"k"
"PhonAlign",1007.0,1007.05,"u"
"PhonAlign",1007.05,1007.1,"m"
"PhonAlign",1007.1,1007.13,"w"
"PhonAlign",1007.13,1007.18,"A/"
"PhonAlign",1007.18,1007.23,"Z"
"PhonAlign",1007.23,1007.3,"y"
"PhonAlign",1007.3,1007.4,"t"
"PhonAlign",1007.4,1007.44,"i"
"PhonAlign",1007.44,1007.47,"l"
"PhonAlign",1007.47,1007.5,"i"
"PhonAlign",1007.5,1007.57,"z"
"PhonAlign",1007.57,1007.61,"b"
"PhonAlign",1007.61,1007.73,"O/"
"PhonAlign",1007.73,1007.78,"k"
"PhonAlign",1007.78,1007.86,"u"
"PhonAlign",1007.86,1007.9,"p"
"PhonAlign",1007.9,1007.98,"A/"
"PhonAlign",1007.98,1008.13,"s"
"PhonAlign",1008.13,1008.63,"@"
"PhonAlign",1008.63,1008.78,"S"
"PhonAlign",1008.78,1008.83,"s"
"PhonAlign",1008.83,1008.92,"y"
"PhonAlign",1008.92,1008.95,"i"
"PhonAlign",1008.95,1009.01,"m"
"PhonAlign",1009.01,1009.09,"A/"
"PhonAlign",1009.09,1009.15,"s"
"PhonAlign",1009.15,1009.24,"t"
"PhonAlign",1009.24,1009.36,"9"
"PhonAlign",1009.36,1009.45,"R"
"PhonAlign",1009.45,1009.48,"d"
"PhonAlign",1009.48,1009.52,"O~"
"PhonAlign",1009.52,1009.57,"f"
"PhonAlign",1009.57,1009.64,"O/"
"PhonAlign",1009.64,1009.67,"R"
"PhonAlign",1009.67,1009.77,"s"
"PhonAlign",1009.77,1009.81,"e"
"PhonAlign",1009.81,1009.85,"m"
"PhonAlign",1009.85,1009.88,"a~"
"PhonAlign",1009.88,1009.92,"O~"
"PhonAlign",1009.92,1009.97,"d"
"PhonAlign",1009.97,1010.0,"w"
"PhonAlign",1010.0,1010.04,"A/"
"PhonAlign",1010.04,1010.12,"f"
"PhonAlign",1010.12,1010.15,"E"
"PhonAlign",1010.15,1010.28,"R"
"PhonAlign",1010.28,1010.32,"d"
"PhonAlign",1010.32,1010.35,"m"
"PhonAlign",1010.35,1010.46,"e"
"PhonAlign",1010.46,1010.49,"m"
"PhonAlign",1010.49,1010.61,"w"
"PhonAlign",1010.61,1010.64,"A/"
"PhonAlign",1010.64,1010.74,"R"
"PhonAlign",1010.74,1010.8,"t"
"PhonAlign",1010.8,1010.83,"u"
"PhonAlign",1010.83,1010.93,"s"
"PhonAlign",1010.93,1011.13,"A/"
"PhonAlign",1011.13,1011.75,"#"
"PhonAlign",1011.75,1011.93,"d"
"PhonAlign",1011.93,1011.96,"O~"
"PhonAlign",1011.96,1012.59,"k"
"PhonAlign",1012.59,1012.81,"S"
"PhonAlign",1012.81,1013.195,"E"
"PhonAlign",1013.195,1014.045,"#"
"PhonAlign",1014.045,1014.285,"e"
"PhonAlign",1014.285,1014.675,"fp"
"PhonAlign",1014.675,1014.755,"b"
"PhonAlign",1014.755,1014.855,"E"
"PhonAlign",1014.855,1014.925,"k"
"PhonAlign",1014.925,1014.985,"O/"
"PhonAlign",1014.985,1015.075,"m"
"PhonAlign",1015.075,1015.175,"O~"
"PhonAlign",1015.175,1015.225,"l"
"PhonAlign",1015.225,1015.255,"d"
"PhonAlign",1015.255,1015.505,"i"
"PhonAlign",1015.505,1015.555,"z"
"PhonAlign",1015.555,1015.635,"E"
"PhonAlign",1015.635,1015.665,"t"
"PhonAlign",1015.665,1015.695,"u"
"PhonAlign",1015.695,1016.335,"A/"
"PhonAlign",1016.335,1016.365,"l"
"PhonAlign",1016.365,1016.495,"9"
"PhonAlign",1016.495,1016.525,"R"
"PhonAlign",1016.525,1016.555,"fp"
"PhonAlign",1016.555,1016.605,"O~"
"PhonAlign",1016.605,1016.635,"l"
"PhonAlign",1016.635,1016.685,"y"
"PhonAlign",1016.685,1016.725,"t"
"PhonAlign",1016.725,1016.835,"i"
"PhonAlign",1016.835,1016.865,"l"
"PhonAlign",1016.865,1016.895,"i"
"PhonAlign",1016.895,1016.945,"z"
"PhonAlign",1016.945,1016.975,"f"
"PhonAlign",1016.975,1017.055,"O/"
"PhonAlign",1017.055,1017.125,"R"
"PhonAlign",1017.125,1017.165,"s"
"PhonAlign",1017.165,1017.215,"E"
"PhonAlign",1017.215,1017.275,"m"
"PhonAlign",1017.275,1017.385,"a~"
"PhonAlign",1017.385,1017.415,"d"
"PhonAlign",1017.415,1017.445,"O~"
"PhonAlign",1017.445,1017.495,"A/"
"PhonAlign",1017.495,1017.525,"v"
"PhonAlign",1017.525,1017.605,"E"
"PhonAlign",1017.605,1017.635,"k"
"PhonAlign",1017.635,1017.735,"l"
"PhonAlign",1017.735,1017.825,"E"
"PhonAlign",1017.825,1017.855,"R"
"PhonAlign",1017.855,1017.885,"E"
"PhonAlign",1017.885,1017.955,"z"
"PhonAlign",1017.955,1017.985,"O/"
"PhonAlign",1017.985,1018.095,"s"
"PhonAlign",1018.095,1018.135,"O/"
"PhonAlign",1018.135,1018.225,"s"
"PhonAlign",1018.225,1018.255,"j"
"PhonAlign",1018.255,1018.355,"O/"
"PhonAlign",1018.355,1018.385,"d"
"PhonAlign",1018.385,1018.545,"O~"
"PhonAlign",1018.545,1018.615,"k"
"PhonAlign",1018.615,1018.795,"fp"
"PhonAlign",1018.795,1018.885,"k"
"PhonAlign",1018.885,1018.925,"O/"
"PhonAlign",1018.925,1018.955,"m"
"PhonAlign",1018.955,1018.985,"Z"
"PhonAlign",1018.985,1019.015,"v"
"PhonAlign",1019.015,1019.045,"u"
"PhonAlign",1019.045,1019.095,"z"
"PhonAlign",1019.095,1019.135,"e"
"PhonAlign",1019.135,1019.165,"d"
"PhonAlign",1019.165,1019.235,"i"
"PhonAlign",1019.235,1019.315,"S"
"PhonAlign",1019.315,1019.365,"p"
"PhonAlign",1019.365,1019.415,"A/"
"PhonAlign",1019.415,1019.495,"R"
"PhonAlign",1019.495,1019.535,"t"
"PhonAlign",1019.535,1019.655,"A/"
"PhonAlign",1019.655,1019.685,"Z"
"PhonAlign",1019.685,1019.745,"@"
"PhonAlign",1019.745,1019.795,"d"
"PhonAlign",1019.795,1019.895,"O~"
"PhonAlign",1019.895,1019.935,"fp"
"PhonAlign",1019.935,1019.985,"Z"
"PhonAlign",1019.985,1020.315,"@"
"PhonAlign",1020.315,1020.445,"p"
"PhonAlign",1020.445,1020.645,"y"
"PhonAlign",1020.645,1020.675,"b"
"PhonAlign",1020.675,1020.705,"l"
"PhonAlign",1020.705,1020.885,"i"
"PhonAlign",1020.885,1020.915,"d"
"PhonAlign",1020.915,1020.955,"e"
"PhonAlign",1020.955,1021.015,"z"
"PhonAlign",1021.015,1021.045,"s"
"PhonAlign",1021.045,1021.075,"t"
"PhonAlign",1021.075,1021.155,"O/"
"PhonAlign",1021.155,1021.185,"R"
"PhonAlign",1021.185,1021.235,"i"
"PhonAlign",1021.235,1021.265,"z"
"PhonAlign",1021.265,1021.295,"t"
"PhonAlign",1021.295,1021.325,"u"
"PhonAlign",1021.325,1021.425,"s"
"PhonAlign",1021.425,1021.575,"A/"
"PhonAlign",1021.575,1021.605,"d"
"PhonAlign",1021.605,1021.705,"O~"
"PhonAlign",1021.705,1021.775,"f"
"PhonAlign",1021.775,1021.825,"O/"
"PhonAlign",1021.825,1021.855,"R"
"PhonAlign",1021.855,1021.955,"s"
"PhonAlign",1021.955,1021.985,"e"
"PhonAlign",1021.985,1022.015,"m"
"PhonAlign",1022.015,1022.135,"a~"
"PhonAlign",1022.135,1022.205,"Z"
"PhonAlign",1022.205,1022.425,"@"
"PhonAlign",1022.425,1022.805,"#"
"PhonAlign",1022.805,1023.235,"Z"
"PhonAlign",1023.235,1023.415,"@"
"PhonAlign",1023.415,1023.465,"p"
"PhonAlign",1023.465,1023.505,"A/"
"PhonAlign",1023.505,1023.565,"R"
"PhonAlign",1023.565,1023.595,"t"
"PhonAlign",1023.595,1023.655,"A/"
"PhonAlign",1023.655,1023.705,"Z"
"PhonAlign",1023.705,1023.735,"m"
"PhonAlign",1023.735,1023.815,"E"
"PhonAlign",1023.815,1023.845,"d"
"PhonAlign",1023.845,1023.875,"O/"
"PhonAlign",1023.875,1023.905,"n"
"PhonAlign",1023.905,1024.14,"e"
"PhonAlign",1024.14,1024.625,"#"
"PhonAlign",1024.625,1024.825,"e"
"PhonAlign",1024.825,1025.065,"fp"
"PhonAlign",1025.065,1025.095,"Z"
"PhonAlign",1025.095,1025.155,"y"
"PhonAlign",1025.155,1025.245,"t"
"PhonAlign",1025.245,1025.295,"i"
"PhonAlign",1025.295,1025.325,"l"
"PhonAlign",1025.325,1025.355,"i"
"PhonAlign",1025.355,1025.395,"z"
"PhonAlign",1025.395,1025.655,"@"
"PhonAlign",1025.655,1025.685,"w"
"PhonAlign",1025.685,1025.765,"i"
"PhonAlign",1025.765,1025.815,"k"
"PhonAlign",1025.815,1025.895,"i"
"PhonAlign",1025.895,1025.925,"p"
"PhonAlign",1025.925,1025.955,"E"
"PhonAlign",1025.955,1026.035,"d"
"PhonAlign",1026.035,1026.195,"A/"
"PhonAlign",1026.195,1026.225,"b"
"PhonAlign",1026.225,1026.285,"O/"
"PhonAlign",1026.285,1026.425,"k"
"PhonAlign",1026.425,1026.665,"u"
"PhonAlign",1026.665,1026.835,"p"
"PhonAlign",1026.835,1026.875,"d"
"PhonAlign",1026.875,1026.985,"O~"
"PhonAlign",1026.985,1027.085,"k"
"PhonAlign",1027.085,1027.435,"fp"
"PhonAlign",1027.435,1027.545,"s"
"PhonAlign",1027.545,1027.575,"e"
"PhonAlign",1027.575,1027.695,"U~/"
"PhonAlign",1027.695,1027.725,"p"
"PhonAlign",1027.725,1027.815,"2"
"PhonAlign",1027.815,1027.845,"l"
"PhonAlign",1027.845,1028.155,"A/"
"PhonAlign",1028.155,1028.335,"s"
"PhonAlign",1028.335,1028.385,"e"
"PhonAlign",1028.385,1028.415,"U~/"
"PhonAlign",1028.415,1028.445,"p"
"PhonAlign",1028.445,1028.485,"2"
"PhonAlign",1028.485,1028.515,"p"
"PhonAlign",1028.515,1028.585,"R"
"PhonAlign",1028.585,1028.645,"A/"
"PhonAlign",1028.645,1028.775,"t"
"PhonAlign",1028.775,1028.805,"i"
"PhonAlign",1028.805,1028.835,"k"
"PhonAlign",1028.835,1028.865,"w"
"PhonAlign",1028.865,1028.925,"i"
"PhonAlign",1028.925,1028.955,"k"
"PhonAlign",1028.955,1029.015,"i"
"PhonAlign",1029.015,1029.045,"p"
"PhonAlign",1029.045,1029.105,"E"
"PhonAlign",1029.105,1029.145,"d"
"PhonAlign",1029.145,1029.245,"A/"
"PhonAlign",1029.245,1029.315,"k"
"PhonAlign",1029.315,1029.725,"a~"
"PhonAlign",1029.725,1029.755,"O~"
"PhonAlign",1029.755,1029.785,"n"
"PhonAlign",1029.785,1029.915,"A/"
"PhonAlign",1029.915,1029.945,"p"
"PhonAlign",1029.945,1030.145,"A/"
"PhonAlign",1030.145,1030.175,"a~"
"PhonAlign",1030.175,1030.205,"v"
"PhonAlign",1030.205,1030.285,"i"
"PhonAlign",1030.285,1030.355,"d"
"PhonAlign",1030.355,1030.455,"@"
"PhonAlign",1030.455,1030.715,"S"
"PhonAlign",1030.715,1030.765,"E"
"PhonAlign",1030.765,1030.835,"R"
"PhonAlign",1030.835,1030.905,"S"
"PhonAlign",1030.905,1031.115,"e"
"PhonAlign",1031.115,1031.205,"O~"
"PhonAlign",1031.205,1031.235,"v"
"PhonAlign",1031.235,1031.345,"A/"
"PhonAlign",1031.345,1031.375,"v"
"PhonAlign",1031.375,1031.445,"i"
"PhonAlign",1031.445,1031.475,"t"
"PhonAlign",1031.475,1031.515,"f"
"PhonAlign",1031.515,1031.575,"E"
"PhonAlign",1031.575,1031.645,"s"
"PhonAlign",1031.645,1031.675,"y"
"PhonAlign",1031.675,1031.725,"R"
"PhonAlign",1031.725,1031.755,"l"
"PhonAlign",1031.755,1031.865,"A/"
"PhonAlign",1031.865,1031.905,"p"
"PhonAlign",1031.905,1032.205,"A/"
"PhonAlign",1032.205,1032.235,"Z"
"PhonAlign",1032.235,1032.43,"@"
"PhonAlign",1032.43,1032.78,"#"
"PhonAlign",1032.78,1032.82,"p"
"PhonAlign",1032.82,1032.85,"@"
"PhonAlign",1032.85,1032.88,"t"
"PhonAlign",1032.88,1032.99,"i"
"PhonAlign",1032.99,1033.02,"t"
"PhonAlign",1033.02,1033.19,"U~/"
"PhonAlign",1033.19,1033.22,"f"
"PhonAlign",1033.22,1033.53,"O/"
"PhonAlign",1033.53,1033.57,"k"
"PhonAlign",1033.57,1033.6,"E"
"PhonAlign",1033.6,1033.63,"l"
"PhonAlign",1033.63,1033.71,"A/"
"PhonAlign",1033.71,1033.8,"k"
"PhonAlign",1033.8,1033.97,"t"
"PhonAlign",1033.97,1034.01,"9"
"PhonAlign",1034.01,1034.22,"R"
"PhonAlign",1034.22,1034.48,"A/"
"PhonAlign",1034.48,1034.51,"Z"
"PhonAlign",1034.51,1034.57,"u"
"PhonAlign",1034.57,1034.6,"e"
"PhonAlign",1034.6,1034.63,"d"
"PhonAlign",1034.63,1034.74,"a~"
"PhonAlign",1034.74,1034.77,"t"
"PhonAlign",1034.77,1034.87,"E"
"PhonAlign",1034.87,1034.91,"l"
"PhonAlign",1034.91,1034.95,"s"
"PhonAlign",1034.95,1035.04,"E"
"PhonAlign",1035.04,1035.07,"R"
"PhonAlign",1035.07,1035.35,"i"
"PhonAlign",1035.35,1035.41,"a~"
"PhonAlign",1035.41,1035.44,"f"
"PhonAlign",1035.44,1035.51,"U~/"
"PhonAlign",1035.51,1035.57,"s"
"PhonAlign",1035.57,1035.61,"e"
"PhonAlign",1035.61,1035.67,"A/"
"PhonAlign",1035.67,1035.81,"s"
"PhonAlign",1035.81,1035.86,"e"
"PhonAlign",1035.86,1035.89,"p"
"PhonAlign",1035.89,1035.92,"R"
"PhonAlign",1035.92,1036.02,"A/"
"PhonAlign",1036.02,1036.07,"t"
"PhonAlign",1036.07,1036.15,"i"
"PhonAlign",1036.15,1036.18,"k"
"PhonAlign",1036.18,1036.23,"k"
"PhonAlign",1036.23,1036.3,"w"
"PhonAlign",1036.3,1036.34,"A/"
"PhonAlign",1036.34,1036.45,"O~"
"PhonAlign",1036.45,1036.57,"A/"
"PhonAlign",1036.57,1036.94,"t"
"PhonAlign",1036.94,1037.14,"u"
"PhonAlign",1037.14,1037.19,"t"
"PhonAlign",1037.19,1037.22,"s"
"PhonAlign",1037.22,1037.98,"#"
"PhonAlign",1037.98,1038.04,"e"
"PhonAlign",1038.04,1038.07,"s"
"PhonAlign",1038.07,1038.13,"p"
"PhonAlign",1038.13,1038.75,"R"
"PhonAlign",1038.75,1038.78,"a~"
"PhonAlign",1038.78,1038.87,"t"
"PhonAlign",1038.87,1038.91,"d"
"PhonAlign",1038.91,1039.04,"2"
"PhonAlign",1039.04,1039.2,"s"
"PhonAlign",1039.2,1039.23,"2"
"PhonAlign",1039.23,1039.33,"g"
"PhonAlign",1039.33,1039.36,"O~"
"PhonAlign",1039.36,1039.4,"d"
"PhonAlign",1039.4,1039.52,"z"
"PhonAlign",1039.52,1039.55,"p"
"PhonAlign",1039.55,1039.58,"u"
"PhonAlign",1039.58,1039.61,"R"
"PhonAlign",1039.61,1039.72,"S"
"PhonAlign",1039.72,1039.75,"E"
"PhonAlign",1039.75,1039.78,"R"
"PhonAlign",1039.78,1039.92,"S"
"PhonAlign",1039.92,1039.96,"e"
"PhonAlign",1039.96,1040.070589,"R"
"PhonAlign",1040.070589,1041.535,"#"
"PhonAlign",1041.535,1041.575,"v"
"PhonAlign",1041.575,1041.605,"w"
"PhonAlign",1041.605,1041.715,"A/"
"PhonAlign",1041.715,1041.745,"l"
"PhonAlign",1041.745,1041.855,"A/"
"PhonAlign",1041.855,1042.005,"Z"
"PhonAlign",1042.005,1042.035,"y"
"PhonAlign",1042.035,1042.065,"t"
"PhonAlign",1042.065,1042.095,"i"
"PhonAlign",1042.095,1042.125,"l"
"PhonAlign",1042.125,1042.1950000000002,"i"
"PhonAlign",1042.1950000000002,1042.355,"z"
"PhonAlign",1042.355,1042.4550000000002,"@"
"PhonAlign",1042.4550000000002,1042.505,"b"
"PhonAlign",1042.505,1042.6650000000002,"O/"
"PhonAlign",1042.6650000000002,1042.6950000000002,"k"
"PhonAlign",1042.6950000000002,1042.855,"u"
"PhonAlign",1042.855,1042.885,"d"
"PhonAlign",1042.885,1042.9250000000002,"O~"
"PhonAlign",1042.9250000000002,1043.339063,"fp"
"PhonAlign",1043.339063,1044.030938,"#"
"PhonAlign",1044.030938,1044.145,"noise"
"PhonAlign",1044.145,1044.32,"#"
"PhonAlign",1044.32,1044.36,"v"
"PhonAlign",1044.36,1044.4199999999998,"w"
"PhonAlign",1044.4199999999998,1044.48,"A/"
"PhonAlign",1044.48,1044.51,"l"
"PhonAlign",1044.51,1044.59,"A/"
"PhonAlign",1044.59,1044.65,"v"
"PhonAlign",1044.65,1044.82,"l"
"PhonAlign",1044.82,1045.14,"A/"
"PhonAlign",1045.14,1045.3,"e"
"PhonAlign",1045.3,1045.988437,"fp"
"PhonAlign",1045.988437,1046.723466,"#"
"PhonAlign",1046.723466,1046.873466,"S"
"PhonAlign",1046.873466,1047.0534659999998,"k"
"PhonAlign",1047.0534659999998,1047.113466,"R"
"PhonAlign",1047.113466,1047.163466,"w"
"PhonAlign",1047.163466,1047.213466,"A/"
"PhonAlign",1047.213466,1047.3034659999998,"k"
"PhonAlign",1047.3034659999998,1047.403466,"s"
"PhonAlign",1047.403466,1047.453466,"e"
"PhonAlign",1047.453466,1047.523466,"b"
"PhonAlign",1047.523466,1047.653466,"O~"
"PhonAlign",1047.653466,1047.89677,"n"
"PhonAlign",1047.89677,1048.99,"#"
"PhonAlign",1048.99,1049.03,"k"
"PhonAlign",1049.03,1049.06,"w"
"PhonAlign",1049.06,1049.09,"A/"
"PhonAlign",1049.09,1049.14,"d"
"PhonAlign",1049.14,1049.17,"O/"
"PhonAlign",1049.17,1049.2,"t"
"PhonAlign",1049.2,1049.295938,"R"
"PhonAlign",1049.295938,1051.84,"#"
"PhonAlign",1051.84,1052.345,"m"
"PhonAlign",1052.345,1053.755,"#"
"PhonAlign",1053.755,1054.115,"fp"
"PhonAlign",1054.115,1054.76,"#"
"PhonAlign",1054.76,1054.8,"m"
"PhonAlign",1054.8,1054.87,"w"
"PhonAlign",1054.87,1054.91,"A/"
"PhonAlign",1054.91,1054.97,"Z"
"PhonAlign",1054.97,1055.0,"y"
"PhonAlign",1055.0,1055.07,"t"
"PhonAlign",1055.07,1055.13,"i"
"PhonAlign",1055.13,1055.16,"l"
"PhonAlign",1055.16,1055.19,"i"
"PhonAlign",1055.19,1055.22,"z"
"PhonAlign",1055.22,1055.25,"b"
"PhonAlign",1055.25,1055.4,"O/"
"PhonAlign",1055.4,1055.43,"k"
"PhonAlign",1055.43,1055.47,"u"
"PhonAlign",1055.47,1055.5,"p"
"PhonAlign",1055.5,1055.54,"l"
"PhonAlign",1055.54,1055.57,"y"
"PhonAlign",1055.57,1055.71,"z"
"PhonAlign",1055.71,1056.42,"fp"
"PhonAlign",1056.42,1056.5,"m"
"PhonAlign",1056.5,1056.57,"E"
"PhonAlign",1056.57,1056.67,"s"
"PhonAlign",1056.67,1056.72,"@"
"PhonAlign",1056.72,1056.79,"n"
"PhonAlign",1056.79,1056.88,"Z"
"PhonAlign",1056.88,1056.92,"@"
"PhonAlign",1056.92,1057.11,"R"
"PhonAlign",1057.11,1057.16,"k"
"PhonAlign",1057.16,1057.725,"@"
"PhonAlign",1057.725,1058.755,"#"
"PhonAlign",1058.755,1058.835,"k"
"PhonAlign",1058.835,1058.8850000000002,"l"
"PhonAlign",1058.8850000000002,1059.095,"E"
"PhonAlign",1059.095,1059.275,"z"
"PhonAlign",1059.275,1059.4050000000002,"E"
"PhonAlign",1059.4050000000002,1059.465,"s"
"PhonAlign",1059.465,1059.515,"E"
"PhonAlign",1059.515,1059.585,"m"
"PhonAlign",1059.585,1059.6650000000002,"E"
"PhonAlign",1059.6650000000002,1059.825,"s"
"PhonAlign",1059.825,1060.095,"#"
"PhonAlign",1060.095,1060.135,"Z"
"PhonAlign",1060.135,1060.165,"p"
"PhonAlign",1060.165,1060.245,"A/"
"PhonAlign",1060.245,1060.275,"R"
"PhonAlign",1060.275,1060.305,"l"
"PhonAlign",1060.305,1060.365,"A/"
"PhonAlign",1060.365,1060.445,"t"
"PhonAlign",1060.445,1060.475,"u"
"PhonAlign",1060.475,1060.505,"l"
"PhonAlign",1060.505,1060.535,"m"
"PhonAlign",1060.535,1060.575,"O~"
"PhonAlign",1060.575,1060.605,"d"
"PhonAlign",1060.605,1060.645,"@"
"PhonAlign",1060.645,1060.705,"s"
"PhonAlign",1060.705,1060.735,"y"
"PhonAlign",1060.735,1060.765,"R"
"PhonAlign",1060.765,1060.805,"m"
"PhonAlign",1060.805,1060.875,"E"
"PhonAlign",1060.875,1060.945,"s"
"PhonAlign",1060.945,1060.995,"@"
"PhonAlign",1060.995,1061.055,"n"
"PhonAlign",1061.055,1061.125,"Z"
"PhonAlign",1061.125,1061.165,"@"
"PhonAlign",1061.165,1061.435,"R"
"PhonAlign",1061.435,1061.525,"m"
"PhonAlign",1061.525,1061.575,"e"
"PhonAlign",1061.575,1061.675,"Z"
"PhonAlign",1061.675,1061.725,"p"
"PhonAlign",1061.725,1061.785,"A/"
"PhonAlign",1061.785,1061.815,"R"
"PhonAlign",1061.815,1061.845,"l"
"PhonAlign",1061.845,1061.935,"A/"
"PhonAlign",1061.935,1061.995,"b"
"PhonAlign",1061.995,1062.025,"O/"
"PhonAlign",1062.025,1062.095,"k"
"PhonAlign",1062.095,1062.145,"u"
"PhonAlign",1062.145,1062.175,"m"
"PhonAlign",1062.175,1062.205,"w"
"PhonAlign",1062.205,1062.285,"U~/"
"PhonAlign",1062.285,1062.325,"t"
"PhonAlign",1062.325,1062.465,"Z"
"PhonAlign",1062.465,1062.555,"a~"
"PhonAlign",1062.555,1062.585,"z"
"PhonAlign",1062.585,1063.145,"#"
"PhonAlign",1063.145,1063.175,"v"
"PhonAlign",1063.175,1063.265,"w"
"PhonAlign",1063.265,1063.295,"A/"
"PhonAlign",1063.295,1063.325,"l"
"PhonAlign",1063.325,1063.44,"A/"
"PhonAlign",1063.44,1080.27,"#"
"PhonAlign",1080.27,1080.31,"w"
"PhonAlign",1080.31,1080.42,"E"
"PhonAlign",1080.42,1080.605,"#"
"PhonAlign",1080.605,1080.869063,"noise"
"PhonAlign",1080.869063,1120.6,"#"
"PhonAlign",1120.6,1120.77,"a~"
"PhonAlign",1120.77,1120.8,"f"
"PhonAlign",1120.8,1120.9499999999998,"E"
"PhonAlign",1120.9499999999998,1121.09,"t"
"PhonAlign",1121.09,1121.85,"#"
"PhonAlign",1121.85,1121.89,"s"
"PhonAlign",1121.89,1121.9499999999998,"e"
"PhonAlign",1121.9499999999998,1122.03,"R"
"PhonAlign",1122.03,1122.06,"A/"
"PhonAlign",1122.06,1122.15,"s"
"PhonAlign",1122.15,1122.1799999999998,"y"
"PhonAlign",1122.1799999999998,1122.26,"R"
"PhonAlign",1122.26,1122.29,"a~"
"PhonAlign",1122.29,1122.32,"p"
"PhonAlign",1122.32,1122.4,"A/"
"PhonAlign",1122.4,1122.48,"s"
"PhonAlign",1122.48,1122.54,"@"
"PhonAlign",1122.54,1122.57,"t"
"PhonAlign",1122.57,1122.64,"A/"
"PhonAlign",1122.64,1122.6699999999998,"l"
"PhonAlign",1122.6699999999998,1122.78,"A/"
"PhonAlign",1122.78,1122.81,"t"
"PhonAlign",1122.81,1122.9299999999998,"E"
"PhonAlign",1122.9299999999998,1122.9599999999998,"t"
"PhonAlign",1122.9599999999998,1123.08,"a~"
"PhonAlign",1123.08,1123.12,"p"
"PhonAlign",1123.12,1123.15,"l"
"PhonAlign",1123.15,1123.2199999999998,"y"
"PhonAlign",1123.2199999999998,1123.32,"z"
"PhonAlign",1123.32,1123.35,"t"
"PhonAlign",1123.35,1123.83,"A/"
"PhonAlign",1123.83,1123.9199999999998,"l"
"PhonAlign",1123.9199999999998,1123.98,"e"
"PhonAlign",1123.98,1124.06,"t"
"PhonAlign",1124.06,1124.2099999999998,"j"
"PhonAlign",1124.2099999999998,1124.29,"s"
"PhonAlign",1124.29,1124.37,"e"
"PhonAlign",1124.37,1124.4499999999998,"s"
"PhonAlign",1124.4499999999998,1124.59,"i"
"PhonAlign",1124.59,1124.62,"l"
"PhonAlign",1124.62,1124.76,"O~"
"PhonAlign",1124.76,1124.79,"v"
"PhonAlign",1124.79,1124.82,"y"
"PhonAlign",1124.82,1124.9199999999998,"l"
"PhonAlign",1124.9199999999998,1124.9699999999998,"m"
"PhonAlign",1124.9699999999998,1125.05,"E"
"PhonAlign",1125.05,1125.14,"s"
"PhonAlign",1125.14,1125.39,"A/"
"PhonAlign",1125.39,1125.4199999999998,"Z"
"PhonAlign",1125.4199999999998,1125.53,"t"
"PhonAlign",1125.53,1125.58,"A/"
"PhonAlign",1125.58,1125.61,"l"
"PhonAlign",1125.61,1125.6899999999998,"9"
"PhonAlign",1125.6899999999998,1125.82,"R"
"PhonAlign",1125.82,1125.85,"t"
"PhonAlign",1125.85,1125.98,"E"
"PhonAlign",1125.98,1126.03,"t"
"PhonAlign",1126.03,1126.09,"k"
"PhonAlign",1126.09,1126.13,"k"
"PhonAlign",1126.13,1126.2099999999998,"i"
"PhonAlign",1126.2099999999998,1126.25,"s"
"PhonAlign",1126.25,1126.35,"A/"
"PhonAlign",1126.35,1126.38,"f"
"PhonAlign",1126.38,1126.58,"i"
"PhonAlign",1126.58,1126.7099999999998,"S"
"PhonAlign",1126.7099999999998,1126.81,"a~"
"PhonAlign",1126.81,1126.84,"f"
"PhonAlign",1126.84,1126.89,"U~/"
"PhonAlign",1126.89,1127.0,"s"
"PhonAlign",1127.0,1127.2,"e"
"PhonAlign",1127.2,1128.645,"#"
"PhonAlign",1128.645,1128.755,"s"
"PhonAlign",1128.755,1128.995,"y"
"PhonAlign",1128.995,1129.34,"R"
"PhonAlign",1129.34,1130.82,"#"
"PhonAlign",1130.82,1130.987813,"noise"
"PhonAlign",1130.987813,1169.14,"#"
"PhonAlign",1169.14,1169.3000000000002,"n"
"PhonAlign",1169.3000000000002,1169.375,"O/"
"PhonAlign",1169.375,1169.985,"#"
"PhonAlign",1169.985,1170.025,"s"
"PhonAlign",1170.025,1170.0549999999998,"y"
"PhonAlign",1170.0549999999998,1170.0849999999998,"R"
"PhonAlign",1170.0849999999998,1170.115,"m"
"PhonAlign",1170.115,1170.145,"E"
"PhonAlign",1170.145,1170.215,"s"
"PhonAlign",1170.215,1170.245,"n"
"PhonAlign",1170.245,1170.275,"Z"
"PhonAlign",1170.275,1170.3049999999998,"e"
"PhonAlign",1170.3049999999998,1170.3349999999998,"R"
"PhonAlign",1170.3349999999998,1170.365,"t"
"PhonAlign",1170.365,1170.395,"p"
"PhonAlign",1170.395,1170.475,"@"
"PhonAlign",1170.475,1170.505,"p"
"PhonAlign",1170.505,1170.5649999999998,"A/"
"PhonAlign",1170.5649999999998,1170.5949999999998,"l"
"PhonAlign",1170.5949999999998,1170.655,"a~"
"PhonAlign",1170.655,1170.685,"l"
"PhonAlign",1170.685,1170.715,"v"
"PhonAlign",1170.715,1170.762187,"e"
"PhonAlign",1170.762187,1172.195,"#"
"PhonAlign",1172.195,1172.235,"t"
"PhonAlign",1172.235,1172.265,"p"
"PhonAlign",1172.265,1172.2949999999998,"@"
"PhonAlign",1172.2949999999998,1172.325,"p"
"PhonAlign",1172.325,1172.385,"A/"
"PhonAlign",1172.385,1172.425,"s"
"PhonAlign",1172.425,1172.455,"y"
"PhonAlign",1172.455,1172.515,"R"
"PhonAlign",1172.515,1172.5449999999998,"m"
"PhonAlign",1172.5449999999998,1172.585,"E"
"PhonAlign",1172.585,1172.645,"s"
"PhonAlign",1172.645,1172.705,"n"
"PhonAlign",1172.705,1172.755,"Z"
"PhonAlign",1172.755,1172.7949999999998,"@"
"PhonAlign",1172.7949999999998,1172.865,"R"
"PhonAlign",1172.865,1308.135,"#"
"PhonAlign",1308.135,1308.175,"p"
"PhonAlign",1308.175,1308.205,"A/"
"PhonAlign",1308.205,1308.245,"R"
"PhonAlign",1308.245,1308.275,"k"
"PhonAlign",1308.275,1308.305,"O~"
"PhonAlign",1308.305,1308.335,"t"
"PhonAlign",1308.335,1308.385,"O~"
"PhonAlign",1308.385,1308.415,"v"
"PhonAlign",1308.415,1308.555,"A/"
"PhonAlign",1308.555,1308.585,"d"
"PhonAlign",1308.585,1308.655,"@"
"PhonAlign",1308.655,1308.685,"v"
"PhonAlign",1308.685,1308.715,"w"
"PhonAlign",1308.715,1309.155,"A/"
"PhonAlign",1309.155,1309.445,"R"
"PhonAlign",1309.445,1309.475,"O~"
"PhonAlign",1309.475,1309.505,"v"
"PhonAlign",1309.505,1309.575,"A/"
"PhonAlign",1309.575,1309.645,"d"
"PhonAlign",1309.645,1309.685,"v"
"PhonAlign",1309.685,1309.755,"w"
"PhonAlign",1309.755,1309.785,"A/"
"PhonAlign",1309.785,1309.855,"R"
"PhonAlign",1309.855,1309.885,"A/"
"PhonAlign",1309.885,1309.915,"R"
"PhonAlign",1309.915,1309.985,"E"
"PhonAlign",1309.985,1310.045,"t"
"PhonAlign",1310.045,1310.105,"e"
"PhonAlign",1310.105,1310.135,"d"
"PhonAlign",1310.135,1310.245,"y"
"PhonAlign",1310.245,1310.275,"k"
"PhonAlign",1310.275,1310.355,"u"
"PhonAlign",1310.355,1310.435,"i"
"PhonAlign",1310.435,1310.465,"e"
"PhonAlign",1310.465,1310.695,"i"
"PhonAlign",1310.695,1310.795,"e"
"PhonAlign",1310.795,1310.825,"l"
"PhonAlign",1310.825,1310.905,"9"
"PhonAlign",1310.905,1311.005,"R"
"TokensAlign",0.0,216.34,"#"
"TokensAlign",216.34,216.46,"qui"
"TokensAlign",216.46,216.6,"veux"
"TokensAlign",216.6,217.189687,"commencer"
"TokensAlign",217.189687,228.095,"#"
"TokensAlign",228.095,228.597187,"personne"
"TokensAlign",228.597187,244.73,"#"
"TokensAlign",244.73,244.93,"ben"
"TokensAlign",244.93,244.99,"je"
"TokensAlign",244.99,245.18,"pense"
"TokensAlign",245.18,245.22,"qu'"
"TokensAlign",245.22,245.28,"il"
"TokensAlign",245.28,245.37,"faut"
"TokensAlign",245.37,245.57,"dire"
"TokensAlign",245.57,245.6,"ce"
"TokensAlign",245.6,245.68,"qu'"
"TokensAlign",245.68,245.78,"on"
"TokensAlign",245.78,246.93,"pense"
"TokensAlign",246.93,246.96,"de"
"TokensAlign",246.96,246.99,"des"
"TokensAlign",246.99,247.35,"gafam"
"TokensAlign",247.35,278.53,"#"
"TokensAlign",278.53,278.94,"vas"
"TokensAlign",278.94,278.985,"-y"
"TokensAlign",278.985,366.38,"#"
"TokensAlign",366.38,366.45,"et"
"TokensAlign",366.45,366.57,"en_ce"
"TokensAlign",366.57,366.63,"qui"
"TokensAlign",366.63,366.94,"concerne"
"TokensAlign",366.94,367.05,"le"
"TokensAlign",367.05,367.529063,"numérique"
"TokensAlign",367.529063,370.25,"#"
"TokensAlign",370.25,370.34,"et"
"TokensAlign",370.34,370.39,"le"
"TokensAlign",370.39,370.76,"numérique"
"TokensAlign",370.76,370.92,"tout"
"TokensAlign",370.92,371.15,"court"
"TokensAlign",371.15,371.47,"#"
"TokensAlign",371.47,371.5100000000001,"ou"
"TokensAlign",371.5100000000001,371.98,"alors"
"TokensAlign",371.98,372.17,"de"
"TokensAlign",372.17,372.4,"open"
"TokensAlign",372.4,441.905,"#"
"TokensAlign",441.905,442.16,"ouais"
"TokensAlign",442.16,442.28,"#"
"TokensAlign",442.28,442.525,"*"
"TokensAlign",442.525,442.68,"#"
"TokensAlign",442.68,442.99,"ouais"
"TokensAlign",442.99,443.635,"#"
"TokensAlign",443.635,443.895,"open"
"TokensAlign",443.895,444.165,"source"
"TokensAlign",444.165,444.285,"c'est"
"TokensAlign",444.285,444.365,"tout"
"TokensAlign",444.365,444.415,"ce"
"TokensAlign",444.415,444.585,"qui"
"TokensAlign",444.585,444.835,"est"
"TokensAlign",444.835,445.125,"open"
"TokensAlign",445.125,445.945,"document"
"TokensAlign",445.945,446.195,"world"
"TokensAlign",446.195,446.225,"et"
"TokensAlign",446.225,446.285,"tout"
"TokensAlign",446.285,446.515,"ça"
"TokensAlign",446.515,446.672813,"non"
"TokensAlign",446.672813,689.73,"#"
"TokensAlign",689.73,689.99,"oui"
"TokensAlign",689.99,690.185,"#"
"TokensAlign",690.185,690.525,"*"
"TokensAlign",690.525,690.8,"#"
"TokensAlign",690.8,691.02,"juste"
"TokensAlign",691.02,691.3399999999999,"toi"
"TokensAlign",691.3399999999999,691.5799999999999,"tu"
"TokensAlign",691.5799999999999,692.31,"utilises"
"TokensAlign",692.31,692.8499999999999,"les"
"TokensAlign",692.8499999999999,693.4399999999999,"réseaux"
"TokensAlign",693.4399999999999,693.81,"sociaux"
"TokensAlign",693.81,693.91,"ou"
"TokensAlign",693.91,694.24,"pas"
"TokensAlign",694.24,694.4499999999999,"+"
"TokensAlign",694.4499999999999,694.54,"tu"
"TokensAlign",694.54,694.5699999999999,"l'"
"TokensAlign",694.5699999999999,694.67,"as"
"TokensAlign",694.67,694.8199999999999,"pas"
"TokensAlign",694.8199999999999,695.02,"dit"
"TokensAlign",695.02,798.94958,"#"
"TokensAlign",798.94958,799.363079,"d'accord"
"TokensAlign",799.363079,844.135,"#"
"TokensAlign",844.135,844.225,"du"
"TokensAlign",844.225,844.325,"coup"
"TokensAlign",844.325,844.355,"il"
"TokensAlign",844.355,844.895,"reste"
"TokensAlign",844.895,845.015,"euh"
"TokensAlign",845.015,845.1949999999999,"six"
"TokensAlign",845.1949999999999,845.445,"minutes"
"TokensAlign",845.445,846.305,"#"
"TokensAlign",846.305,846.3549999999999,"euh"
"TokensAlign",846.3549999999999,846.8249999999999,"ben"
"TokensAlign",846.8249999999999,846.9849999999999,"moi"
"TokensAlign",846.9849999999999,847.3449999999999,"du_coup"
"TokensAlign",847.3449999999999,847.7249999999999,"les"
"TokensAlign",847.7249999999999,848.045,"gafam"
"TokensAlign",848.045,848.535,"euh"
"TokensAlign",848.535,848.8249999999999,"donc"
"TokensAlign",848.8249999999999,848.885,"euh"
"TokensAlign",848.885,849.155,"moi"
"TokensAlign",849.155,849.185,"j'"
"TokensAlign",849.185,849.5849999999999,"utilise"
"TokensAlign",849.5849999999999,849.8249999999999,"beaucoup"
"TokensAlign",849.8249999999999,850.39,"amazon"
"TokensAlign",850.39,850.915,"#"
"TokensAlign",850.915,851.255,"donc"
"TokensAlign",851.255,851.665,"euh"
"TokensAlign",851.665,851.8349999999999,"très"
"TokensAlign",851.8349999999999,852.165,"souvent"
"TokensAlign",852.165,852.1949999999999,"j'"
"TokensAlign",852.1949999999999,852.2249999999999,"ai"
"TokensAlign",852.2249999999999,852.285,"j'"
"TokensAlign",852.285,852.3349999999999,"ai"
"TokensAlign",852.3349999999999,852.645,"amazon"
"TokensAlign",852.645,852.8349999999999,"prime"
"TokensAlign",852.8349999999999,852.885,"et"
"TokensAlign",852.885,853.0649999999999,"tout"
"TokensAlign",853.0649999999999,853.155,"j'"
"TokensAlign",853.155,853.36,"ai"
"TokensAlign",853.36,853.635,"#"
"TokensAlign",853.635,854.07,"voilà"
"TokensAlign",854.07,854.355,"#"
"TokensAlign",854.355,854.4350000000001,"la"
"TokensAlign",854.4350000000001,854.905,"facilité"
"TokensAlign",854.905,855.0450000000001,"comme"
"TokensAlign",855.0450000000001,855.145,"vous"
"TokensAlign",855.145,855.465,"dites"
"TokensAlign",855.465,856.245,"#"
"TokensAlign",856.245,856.525,"et"
"TokensAlign",856.525,856.655,"en"
"TokensAlign",856.655,856.745,"plus"
"TokensAlign",856.745,856.905,"c'est"
"TokensAlign",856.905,857.025,"pas"
"TokensAlign",857.025,857.305,"cher"
"TokensAlign",857.305,857.445,"donc"
"TokensAlign",857.445,857.565,"quand"
"TokensAlign",857.565,857.635,"on"
"TokensAlign",857.635,857.665,"est"
"TokensAlign",857.665,858.055,"étudiant"
"TokensAlign",858.055,858.085,"je"
"TokensAlign",858.085,858.235,"trouve"
"TokensAlign",858.235,858.695,"ça"
"TokensAlign",858.695,858.725,"je"
"TokensAlign",858.725,858.865,"trouve"
"TokensAlign",858.865,859.035,"ça"
"TokensAlign",859.035,859.155,"c'est"
"TokensAlign",859.155,859.625,"sympa"
"TokensAlign",859.625,862.772932,"#"
"TokensAlign",862.772932,863.166685,"*"
"TokensAlign",863.166685,863.685,"#"
"TokensAlign",863.685,863.805,"euh"
"TokensAlign",863.805,864.3149999999999,"moi"
"TokensAlign",864.3149999999999,864.3449999999999,"je"
"TokensAlign",864.3449999999999,864.4949999999999,"suis"
"TokensAlign",864.4949999999999,864.755,"très"
"TokensAlign",864.755,865.475,"samsung"
"TokensAlign",865.475,865.82,"#"
"TokensAlign",865.82,866.0600000000001,"euh"
"TokensAlign",866.0600000000001,866.45,"donc"
"TokensAlign",866.45,867.09,"euh"
"TokensAlign",867.09,867.47,"apple"
"TokensAlign",867.47,867.59,"moi"
"TokensAlign",867.59,867.6600000000001,"j'"
"TokensAlign",867.6600000000001,867.87,"y"
"TokensAlign",867.87,868.1,"comprends"
"TokensAlign",868.1,868.227188,"rien"
"TokensAlign",868.227188,869.165,"#"
"TokensAlign",869.165,869.935,"voilà"
"TokensAlign",869.935,870.185,"j"
"TokensAlign",870.185,870.3149999999999,"y"
"TokensAlign",870.3149999999999,871.015,"comprends"
"TokensAlign",871.015,871.165,"rien"
"TokensAlign",871.165,871.1949999999999,"à"
"TokensAlign",871.1949999999999,871.395,"apple"
"TokensAlign",871.395,871.4549999999999,"donc"
"TokensAlign",871.4549999999999,871.5849999999999,"moi"
"TokensAlign",871.5849999999999,871.7049999999999,"c'est"
"TokensAlign",871.7049999999999,872.155,"samsung"
"TokensAlign",872.155,872.545,"euh"
"TokensAlign",872.545,872.865,"depuis"
"TokensAlign",872.865,872.895,"le"
"TokensAlign",872.895,873.3449999999999,"début"
"TokensAlign",873.3449999999999,873.525,"et"
"TokensAlign",873.525,873.8249999999999,"euh"
"TokensAlign",873.8249999999999,874.0649999999999,"pour"
"TokensAlign",874.0649999999999,874.63,"toujours"
"TokensAlign",874.63,875.83,"#"
"TokensAlign",875.83,876.175,"*"
"TokensAlign",876.175,876.29,"#"
"TokensAlign",876.29,876.62,"après"
"TokensAlign",876.62,877.32,"euh"
"TokensAlign",877.32,878.56,"#"
"TokensAlign",878.56,878.8299999999999,"alors"
"TokensAlign",878.8299999999999,878.9,"les"
"TokensAlign",878.9,879.0999999999999,"réseaux"
"TokensAlign",879.0999999999999,879.4599999999999,"sociaux"
"TokensAlign",879.4599999999999,879.63,"ben"
"TokensAlign",879.63,879.77,"je"
"TokensAlign",879.77,880.0,"suis"
"TokensAlign",880.0,880.3199999999999,"beaucoup"
"TokensAlign",880.3199999999999,880.76,"dessus"
"TokensAlign",880.76,881.04,"donc"
"TokensAlign",881.04,881.56,"euh"
"TokensAlign",881.56,881.7099999999999,"j'"
"TokensAlign",881.7099999999999,881.8199999999999,"ai"
"TokensAlign",881.8199999999999,882.42,"facebook"
"TokensAlign",882.42,882.5899999999999,"j'"
"TokensAlign",882.5899999999999,882.66,"ai"
"TokensAlign",882.66,883.51,"snap"
"TokensAlign",883.51,883.97,"insta"
"TokensAlign",883.97,884.355,"#"
"TokensAlign",884.355,884.5550000000001,"euh"
"TokensAlign",884.5550000000001,884.655,"je"
"TokensAlign",884.655,884.9350000000001,"publie"
"TokensAlign",884.9350000000001,885.955,"beaucoup"
"TokensAlign",885.955,885.985,"et"
"TokensAlign",885.985,886.075,"je"
"TokensAlign",886.075,886.235,"mets"
"TokensAlign",886.235,886.395,"beaucoup"
"TokensAlign",886.395,886.4350000000001,"de"
"TokensAlign",886.4350000000001,886.995,"stories"
"TokensAlign",886.995,887.145,"à"
"TokensAlign",887.145,887.4250000000001,"tout_le"
"TokensAlign",887.4250000000001,887.765,"monde"
"TokensAlign",887.765,888.405,"#"
"TokensAlign",888.405,889.19,"euh"
"TokensAlign",889.19,889.935,"#"
"TokensAlign",889.935,890.505,"après"
"TokensAlign",890.505,890.9449999999999,"euh"
"TokensAlign",890.9449999999999,890.9749999999999,"j'"
"TokensAlign",890.9749999999999,891.375,"utilise"
"TokensAlign",891.375,892.1149999999999,"pas"
"TokensAlign",892.1149999999999,892.665,"twitter"
"TokensAlign",892.665,892.785,"parce_que"
"TokensAlign",892.785,893.295,"twitter"
"TokensAlign",893.295,893.4749999999999,"euh"
"TokensAlign",893.4749999999999,893.545,"j'"
"TokensAlign",893.545,893.685,"aime"
"TokensAlign",893.685,894.09,"pas"
"TokensAlign",894.09,895.29,"#"
"TokensAlign",895.29,895.49,"euh"
"TokensAlign",895.49,895.5699999999999,"j'"
"TokensAlign",895.5699999999999,895.9399999999999,"utilise"
"TokensAlign",895.9399999999999,896.4,"linkedin"
"TokensAlign",896.4,896.65,"aussi"
"TokensAlign",896.65,896.73,"euh"
"TokensAlign",896.73,896.99,"pour"
"TokensAlign",896.99,897.05,"le"
"TokensAlign",897.05,897.9399999999999,"professionnel"
"TokensAlign",897.9399999999999,898.16,"ça"
"TokensAlign",898.16,898.27,"je"
"TokensAlign",898.27,898.43,"trouve"
"TokensAlign",898.43,898.4699999999999,"ça"
"TokensAlign",898.4699999999999,898.8199999999999,"sympa"
"TokensAlign",898.8199999999999,898.9499999999999,"juste"
"TokensAlign",898.9499999999999,899.36,"pour"
"TokensAlign",899.36,899.4699999999999,"euh"
"TokensAlign",899.4699999999999,899.74,"voilà"
"TokensAlign",899.74,899.9,"pour"
"TokensAlign",899.9,900.18,"trouver"
"TokensAlign",900.18,900.2099999999999,"des"
"TokensAlign",900.2099999999999,900.48,"stages"
"TokensAlign",900.48,900.52,"et"
"TokensAlign",900.52,900.55,"des"
"TokensAlign",900.55,900.67,"trucs"
"TokensAlign",900.67,900.86,"comme"
"TokensAlign",900.86,901.133438,"ça"
"TokensAlign",901.133438,903.32,"#"
"TokensAlign",903.32,903.563437,"ouais"
"TokensAlign",903.563437,904.845,"#"
"TokensAlign",904.845,905.352188,"*"
"TokensAlign",905.352188,907.45,"#"
"TokensAlign",907.45,907.67,"ouais"
"TokensAlign",907.67,907.77,"c'est"
"TokensAlign",907.77,907.97,"bien"
"TokensAlign",907.97,908.085938,"ça"
"TokensAlign",908.085938,913.08,"#"
"TokensAlign",913.08,913.21,"mouais"
"TokensAlign",913.21,913.81,"d'accord"
"TokensAlign",913.81,925.77,"#"
"TokensAlign",925.77,926.15,"d'accord"
"TokensAlign",926.15,1004.91,"#"
"TokensAlign",1004.91,1004.99,"euh"
"TokensAlign",1004.99,1006.12,"alors"
"TokensAlign",1006.12,1006.15,"l'"
"TokensAlign",1006.15,1006.39,"open"
"TokensAlign",1006.39,1006.67,"source"
"TokensAlign",1006.67,1006.82,"ben"
"TokensAlign",1006.82,1007.05,"du_coup"
"TokensAlign",1007.05,1007.18,"moi"
"TokensAlign",1007.18,1007.23,"j'"
"TokensAlign",1007.23,1007.57,"utilise"
"TokensAlign",1007.57,1007.86,"beaucoup"
"TokensAlign",1007.86,1008.63,"parce_que"
"TokensAlign",1008.63,1008.78,"je"
"TokensAlign",1008.78,1008.95,"suis"
"TokensAlign",1008.95,1009.45,"master"
"TokensAlign",1009.45,1009.52,"donc"
"TokensAlign",1009.52,1009.88,"forcément"
"TokensAlign",1009.88,1009.92,"on"
"TokensAlign",1009.92,1010.04,"doit"
"TokensAlign",1010.04,1010.28,"faire"
"TokensAlign",1010.28,1010.32,"des"
"TokensAlign",1010.32,1010.74,"mémoires"
"TokensAlign",1010.74,1010.83,"tout"
"TokensAlign",1010.83,1011.13,"ça"
"TokensAlign",1011.13,1011.75,"#"
"TokensAlign",1011.75,1012.59,"donc"
"TokensAlign",1012.59,1012.81,"j'"
"TokensAlign",1012.81,1013.195,"ai"
"TokensAlign",1013.195,1014.045,"#"
"TokensAlign",1014.045,1014.285,"et"
"TokensAlign",1014.285,1014.675,"euh"
"TokensAlign",1014.675,1014.855,"ben"
"TokensAlign",1014.855,1015.075,"comme"
"TokensAlign",1015.075,1015.175,"on"
"TokensAlign",1015.175,1015.225,"le"
"TokensAlign",1015.225,1015.635,"disait"
"TokensAlign",1015.635,1015.695,"tout"
"TokensAlign",1015.695,1016.335,"à"
"TokensAlign",1016.335,1016.365,"l'"
"TokensAlign",1016.365,1016.525,"heure"
"TokensAlign",1016.525,1016.555,"euh"
"TokensAlign",1016.555,1016.605,"on"
"TokensAlign",1016.605,1016.635,"l'"
"TokensAlign",1016.635,1016.945,"utilise"
"TokensAlign",1016.945,1017.385,"forcément"
"TokensAlign",1017.385,1017.445,"donc"
"TokensAlign",1017.445,1017.635,"avec"
"TokensAlign",1017.635,1017.825,"les"
"TokensAlign",1017.825,1017.985,"réseaux"
"TokensAlign",1017.985,1018.355,"sociaux"
"TokensAlign",1018.355,1018.615,"donc"
"TokensAlign",1018.615,1018.795,"euh"
"TokensAlign",1018.795,1018.955,"comme"
"TokensAlign",1018.955,1018.985,"je"
"TokensAlign",1018.985,1019.095,"vous"
"TokensAlign",1019.095,1019.135,"ai"
"TokensAlign",1019.135,1019.235,"dit"
"TokensAlign",1019.235,1019.315,"je"
"TokensAlign",1019.315,1019.745,"partage"
"TokensAlign",1019.745,1019.895,"donc"
"TokensAlign",1019.895,1019.935,"euh"
"TokensAlign",1019.935,1020.315,"je"
"TokensAlign",1020.315,1020.885,"publie"
"TokensAlign",1020.885,1021.015,"des"
"TokensAlign",1021.015,1021.265,"stories"
"TokensAlign",1021.265,1021.325,"tout"
"TokensAlign",1021.325,1021.575,"ça"
"TokensAlign",1021.575,1021.705,"donc"
"TokensAlign",1021.705,1022.135,"forcément"
"TokensAlign",1022.135,1022.425,"je"
"TokensAlign",1022.425,1022.805,"+"
"TokensAlign",1022.805,1023.415,"je"
"TokensAlign",1023.415,1023.705,"partage"
"TokensAlign",1023.705,1023.815,"mes"
"TokensAlign",1023.815,1024.14,"données"
"TokensAlign",1024.14,1024.625,"#"
"TokensAlign",1024.625,1024.825,"et"
"TokensAlign",1024.825,1025.065,"euh"
"TokensAlign",1025.065,1025.095,"j'"
"TokensAlign",1025.095,1025.655,"utilise"
"TokensAlign",1025.655,1026.195,"wikipédia"
"TokensAlign",1026.195,1026.835,"beaucoup"
"TokensAlign",1026.835,1027.085,"donc"
"TokensAlign",1027.085,1027.435,"euh"
"TokensAlign",1027.435,1027.575,"c'est"
"TokensAlign",1027.575,1027.695,"un"
"TokensAlign",1027.695,1027.815,"peu"
"TokensAlign",1027.815,1028.155,"la"
"TokensAlign",1028.155,1028.385,"c'est"
"TokensAlign",1028.385,1028.415,"un"
"TokensAlign",1028.415,1028.485,"peu"
"TokensAlign",1028.485,1028.835,"pratique"
"TokensAlign",1028.835,1029.245,"wikipédia"
"TokensAlign",1029.245,1029.725,"quand"
"TokensAlign",1029.725,1029.755,"on"
"TokensAlign",1029.755,1029.785,"n'"
"TokensAlign",1029.785,1029.915,"a"
"TokensAlign",1029.915,1030.145,"pas"
"TokensAlign",1030.145,1030.285,"envie"
"TokensAlign",1030.285,1030.455,"de"
"TokensAlign",1030.455,1031.115,"chercher"
"TokensAlign",1031.115,1031.205,"on"
"TokensAlign",1031.205,1031.345,"va"
"TokensAlign",1031.345,1031.475,"vite"
"TokensAlign",1031.475,1031.575,"fait"
"TokensAlign",1031.575,1031.725,"sur"
"TokensAlign",1031.725,1031.865,"la"
"TokensAlign",1031.865,1032.43,"page"
"TokensAlign",1032.43,1032.78,"#"
"TokensAlign",1032.78,1033.02,"petite"
"TokensAlign",1033.02,1033.53,"info"
"TokensAlign",1033.53,1033.63,"quel"
"TokensAlign",1033.63,1034.22,"acteur"
"TokensAlign",1034.22,1034.48,"a"
"TokensAlign",1034.48,1034.6,"joué"
"TokensAlign",1034.6,1034.74,"dans"
"TokensAlign",1034.74,1034.91,"telle"
"TokensAlign",1034.91,1035.35,"série"
"TokensAlign",1035.35,1035.51,"enfin"
"TokensAlign",1035.51,1035.61,"c'est"
"TokensAlign",1035.61,1035.86,"assez"
"TokensAlign",1035.86,1036.18,"pratique"
"TokensAlign",1036.18,1036.34,"quoi"
"TokensAlign",1036.34,1036.45,"on"
"TokensAlign",1036.45,1036.57,"a"
"TokensAlign",1036.57,1037.19,"tout"
"TokensAlign",1037.19,1037.22,"ça"
"TokensAlign",1037.22,1037.98,"+"
"TokensAlign",1037.98,1038.04,"et"
"TokensAlign",1038.04,1038.07,"ça"
"TokensAlign",1038.07,1038.87,"prend"
"TokensAlign",1038.87,1039.04,"deux"
"TokensAlign",1039.04,1039.52,"secondes"
"TokensAlign",1039.52,1039.61,"pour"
"TokensAlign",1039.61,1040.070589,"chercher"
"TokensAlign",1040.070589,1041.535,"#"
"TokensAlign",1041.535,1041.855,"voilà"
"TokensAlign",1041.855,1042.005,"j'"
"TokensAlign",1042.005,1042.4550000000002,"utilise"
"TokensAlign",1042.4550000000002,1042.855,"beaucoup"
"TokensAlign",1042.855,1042.9250000000002,"donc"
"TokensAlign",1042.9250000000002,1043.339063,"euh"
"TokensAlign",1043.339063,1044.030938,"#"
"TokensAlign",1044.030938,1044.145,"*"
"TokensAlign",1044.145,1044.32,"#"
"TokensAlign",1044.32,1044.59,"voilà"
"TokensAlign",1044.59,1045.14,"voilà"
"TokensAlign",1045.14,1045.3,"et"
"TokensAlign",1045.3,1045.988437,"euh"
"TokensAlign",1045.988437,1046.723466,"#"
"TokensAlign",1046.723466,1046.873466,"je"
"TokensAlign",1046.873466,1047.213466,"crois"
"TokensAlign",1047.213466,1047.3034659999998,"que"
"TokensAlign",1047.3034659999998,1047.453466,"c'est"
"TokensAlign",1047.453466,1047.89677,"bon"
"TokensAlign",1047.89677,1048.99,"#"
"TokensAlign",1048.99,1049.09,"quoi"
"TokensAlign",1049.09,1049.295938,"d'autre"
"TokensAlign",1049.295938,1051.84,"#"
"TokensAlign",1051.84,1052.345,"mh"
"TokensAlign",1052.345,1053.755,"#"
"TokensAlign",1053.755,1054.115,"euh"
"TokensAlign",1054.115,1054.76,"#"
"TokensAlign",1054.76,1054.91,"moi"
"TokensAlign",1054.91,1054.97,"j'"
"TokensAlign",1054.97,1055.22,"utilise"
"TokensAlign",1055.22,1055.47,"beaucoup"
"TokensAlign",1055.47,1055.71,"plus"
"TokensAlign",1055.71,1056.42,"euh"
"TokensAlign",1056.42,1057.11,"messenger"
"TokensAlign",1057.11,1057.725,"que"
"TokensAlign",1057.725,1058.755,"#"
"TokensAlign",1058.755,1058.835,"que"
"TokensAlign",1058.835,1059.275,"les"
"TokensAlign",1059.275,1059.825,"sms"
"TokensAlign",1059.825,1060.095,"#"
"TokensAlign",1060.095,1060.135,"je"
"TokensAlign",1060.135,1060.305,"parle"
"TokensAlign",1060.305,1060.365,"à"
"TokensAlign",1060.365,1060.505,"tout_le"
"TokensAlign",1060.505,1060.645,"monde"
"TokensAlign",1060.645,1060.765,"sur"
"TokensAlign",1060.765,1061.435,"messenger"
"TokensAlign",1061.435,1061.575,"mais"
"TokensAlign",1061.575,1061.675,"je"
"TokensAlign",1061.675,1061.845,"parle"
"TokensAlign",1061.845,1061.935,"à"
"TokensAlign",1061.935,1062.145,"beaucoup"
"TokensAlign",1062.145,1062.285,"moins"
"TokensAlign",1062.285,1062.325,"de"
"TokensAlign",1062.325,1062.585,"gens"
"TokensAlign",1062.585,1063.145,"+"
"TokensAlign",1063.145,1063.44,"voilà"
"TokensAlign",1063.44,1080.27,"#"
"TokensAlign",1080.27,1080.42,"ouais"
"TokensAlign",1080.42,1080.605,"#"
"TokensAlign",1080.605,1080.869063,"*"
"TokensAlign",1080.869063,1120.6,"#"
"TokensAlign",1120.6,1121.09,"en_fait"
"TokensAlign",1121.09,1121.85,"+"
"TokensAlign",1121.85,1121.9499999999998,"c'est"
"TokensAlign",1121.9499999999998,1122.29,"rassurant"
"TokensAlign",1122.29,1122.54,"parce_que"
"TokensAlign",1122.54,1122.57,"t'"
"TokensAlign",1122.57,1122.64,"as"
"TokensAlign",1122.64,1122.78,"la"
"TokensAlign",1122.78,1122.9599999999998,"tête"
"TokensAlign",1122.9599999999998,1123.08,"en"
"TokensAlign",1123.08,1123.32,"plus"
"TokensAlign",1123.32,1123.35,"t"
"TokensAlign",1123.35,1123.83,"as"
"TokensAlign",1123.83,1123.98,"le"
"TokensAlign",1123.98,1124.2099999999998,"tu"
"TokensAlign",1124.2099999999998,1124.37,"sais"
"TokensAlign",1124.37,1124.4499999999998,"s'"
"TokensAlign",1124.4499999999998,1124.62,"ils"
"TokensAlign",1124.62,1124.76,"ont"
"TokensAlign",1124.76,1124.82,"vu"
"TokensAlign",1124.82,1124.9199999999998,"le"
"TokensAlign",1124.9199999999998,1125.4199999999998,"message"
"TokensAlign",1125.4199999999998,1125.53,"t'"
"TokensAlign",1125.53,1125.58,"as"
"TokensAlign",1125.58,1125.82,"leur"
"TokensAlign",1125.82,1126.03,"tête"
"TokensAlign",1126.03,1126.09,"qui"
"TokensAlign",1126.09,1126.2099999999998,"qui"
"TokensAlign",1126.2099999999998,1126.25,"s'"
"TokensAlign",1126.25,1126.7099999999998,"affiche"
"TokensAlign",1126.7099999999998,1126.89,"enfin"
"TokensAlign",1126.89,1127.2,"c'est"
"TokensAlign",1127.2,1128.645,"#"
"TokensAlign",1128.645,1129.34,"sur"
"TokensAlign",1129.34,1130.82,"#"
"TokensAlign",1130.82,1130.987813,"*"
"TokensAlign",1130.987813,1169.14,"#"
"TokensAlign",1169.14,1169.375,"non"
"TokensAlign",1169.375,1169.985,"#"
"TokensAlign",1169.985,1170.0849999999998,"sur"
"TokensAlign",1170.0849999999998,1170.3349999999998,"messenger"
"TokensAlign",1170.3349999999998,1170.365,"tu"
"TokensAlign",1170.365,1170.475,"peux"
"TokensAlign",1170.475,1170.5649999999998,"pas"
"TokensAlign",1170.5649999999998,1170.5949999999998,"l'"
"TokensAlign",1170.5949999999998,1170.762187,"enlever"
"TokensAlign",1170.762187,1172.195,"#"
"TokensAlign",1172.195,1172.235,"tu"
"TokensAlign",1172.235,1172.2949999999998,"peux"
"TokensAlign",1172.2949999999998,1172.385,"pas"
"TokensAlign",1172.385,1172.515,"sur"
"TokensAlign",1172.515,1172.865,"messenger"
"TokensAlign",1172.865,1308.135,"#"
"TokensAlign",1308.135,1308.335,"par_contre"
"TokensAlign",1308.335,1308.385,"on"
"TokensAlign",1308.385,1308.555,"va"
"TokensAlign",1308.555,1309.445,"devoir"
"TokensAlign",1309.445,1309.475,"on"
"TokensAlign",1309.475,1309.575,"va"
"TokensAlign",1309.575,1309.855,"devoir"
"TokensAlign",1309.855,1310.105,"arrêter"
"TokensAlign",1310.105,1310.355,"du_coup"
"TokensAlign",1310.355,1310.435,"il"
"TokensAlign",1310.435,1310.465,"est"
"TokensAlign",1310.465,1310.695,"il"
"TokensAlign",1310.695,1310.795,"est"
"TokensAlign",1310.795,1310.825,"l'"
"TokensAlign",1310.825,1311.005,"heure"
"PronTokAlign",0.0,216.34,"#=0.0"
"PronTokAlign",216.34,216.46,"k-i=0.441"
"PronTokAlign",216.46,216.6,"v-@=0.611"
"PronTokAlign",216.6,217.189687,"k-O/-m-a~-s-e-R=0.833"
"PronTokAlign",217.189687,228.095,"#=0.0"
"PronTokAlign",228.095,228.597187,"p-E-R-s-O/-n-@=0.74"
"PronTokAlign",228.597187,244.73,"#=0.0"
"PronTokAlign",244.73,244.93,"b-E=0.467"
"PronTokAlign",244.93,244.99,"S=0.502"
"PronTokAlign",244.99,245.18,"p-a~-s=0.962"
"PronTokAlign",245.18,245.22,"k"
"PronTokAlign",245.22,245.28,"i=0.765"
"PronTokAlign",245.28,245.37,"f-O/=0.81"
"PronTokAlign",245.37,245.57,"d-i-R=0.887"
"PronTokAlign",245.57,245.6,"s=0.885"
"PronTokAlign",245.6,245.68,"k"
"PronTokAlign",245.68,245.78,"O~=0.678"
"PronTokAlign",245.78,246.93,"p-a~-s-A/-i-s=0.996"
"PronTokAlign",246.93,246.96,"t=0.454"
"PronTokAlign",246.96,246.99,"d=0.441"
"PronTokAlign",246.99,247.35,"g-A/-f-A/-m=0.5"
"PronTokAlign",247.35,278.53,"#=0.0"
"PronTokAlign",278.53,278.94,"v-A/-z=0.833"
"PronTokAlign",278.94,278.985,"j=0.432"
"PronTokAlign",278.985,366.38,"#=0.0"
"PronTokAlign",366.38,366.45,"E=0.767"
"PronTokAlign",366.45,366.57,"a~-s=0.846"
"PronTokAlign",366.57,366.63,"k=0.617"
"PronTokAlign",366.63,366.94,"k-O~-s-E-R-n=0.523"
"PronTokAlign",366.94,367.05,"l=0.413"
"PronTokAlign",367.05,367.529063,"n-y-m-E-R-i-k=0.83"
"PronTokAlign",367.529063,370.25,"#=0.0"
"PronTokAlign",370.25,370.34,"E=0.549"
"PronTokAlign",370.34,370.39,"l=0.362"
"PronTokAlign",370.39,370.76,"n-y-m-E-R-i-k=0.679"
"PronTokAlign",370.76,370.92,"t-u=0.64"
"PronTokAlign",370.92,371.15,"k-u-R=0.925"
"PronTokAlign",371.15,371.47,"#=0.0"
"PronTokAlign",371.47,371.5100000000001,"u"
"PronTokAlign",371.5100000000001,371.98,"l-O/-R=0.591"
"PronTokAlign",371.98,372.17,"d-@=0.69"
"PronTokAlign",372.17,372.4,"O/-p-E-n=0.875"
"PronTokAlign",372.4,441.905,"#=0.0"
"PronTokAlign",441.905,442.16,"w-E"
"PronTokAlign",442.16,442.28,"#=0.0"
"PronTokAlign",442.28,442.525,"noise=0.0"
"PronTokAlign",442.525,442.68,"#=0.0"
"PronTokAlign",442.68,442.99,"w-E"
"PronTokAlign",442.99,443.635,"#=0.0"
"PronTokAlign",443.635,443.895,"O/-p-E-n=0.922"
"PronTokAlign",443.895,444.165,"s-u-R-s=0.979"
"PronTokAlign",444.165,444.285,"s-e"
"PronTokAlign",444.285,444.365,"t-u=0.869"
"PronTokAlign",444.365,444.415,"s=0.725"
"PronTokAlign",444.415,444.585,"k=0.379"
"PronTokAlign",444.585,444.835,"E=0.567"
"PronTokAlign",444.835,445.125,"O/-p-E-n=0.721"
"PronTokAlign",445.125,445.945,"d-O/-k-y-m-a~"
"PronTokAlign",445.945,446.195,"w-O/-R-l-d=0.61"
"PronTokAlign",446.195,446.225,"E=0.677"
"PronTokAlign",446.225,446.285,"t-u=0.809"
"PronTokAlign",446.285,446.515,"s-A/=0.71"
"PronTokAlign",446.515,446.672813,"n-O/=0.702"
"PronTokAlign",446.672813,689.73,"#=0.0"
"PronTokAlign",689.73,689.99,"u-i=0.667"
"PronTokAlign",689.99,690.185,"#=0.0"
"PronTokAlign",690.185,690.525,"noise=0.0"
"PronTokAlign",690.525,690.8,"#=0.0"
"PronTokAlign",690.8,691.02,"Z-y-s=0.558"
"PronTokAlign",691.02,691.3399999999999,"t-w-A/"
"PronTokAlign",691.3399999999999,691.5799999999999,"t=0.405"
"PronTokAlign",691.5799999999999,692.31,"y-t-i-l-i-z=0.532"
"PronTokAlign",692.31,692.8499999999999,"l-E-z=0.29"
"PronTokAlign",692.8499999999999,693.4399999999999,"R-E-z-O/=0.696"
"PronTokAlign",693.4399999999999,693.81,"s-O/-s-j-O/=0.65"
"PronTokAlign",693.81,693.91,"u"
"PronTokAlign",693.91,694.24,"p-A/=0.732"
"PronTokAlign",694.24,694.4499999999999,"#"
"PronTokAlign",694.4499999999999,694.54,"t-y=0.404"
"PronTokAlign",694.54,694.5699999999999,"l"
"PronTokAlign",694.5699999999999,694.67,"A/=0.706"
"PronTokAlign",694.67,694.8199999999999,"p-A/=0.633"
"PronTokAlign",694.8199999999999,695.02,"d-i=0.775"
"PronTokAlign",695.02,798.94958,"#=0.0"
"PronTokAlign",798.94958,799.363079,"d-A/-k-O/-R"
"PronTokAlign",799.363079,844.135,"#=0.0"
"PronTokAlign",844.135,844.225,"d=0.53"
"PronTokAlign",844.225,844.325,"k-u"
"PronTokAlign",844.325,844.355,"i=0.574"
"PronTokAlign",844.355,844.895,"R-E-s-t-@=0.527"
"PronTokAlign",844.895,845.015,"fp"
"PronTokAlign",845.015,845.1949999999999,"s-i=0.607"
"PronTokAlign",845.1949999999999,845.445,"m-i-n-y-t=0.488"
"PronTokAlign",845.445,846.305,"#=0.0"
"PronTokAlign",846.305,846.3549999999999,"fp"
"PronTokAlign",846.3549999999999,846.8249999999999,"b-U~/=0.99"
"PronTokAlign",846.8249999999999,846.9849999999999,"m-w-A/"
"PronTokAlign",846.9849999999999,847.3449999999999,"d-y-k-u"
"PronTokAlign",847.3449999999999,847.7249999999999,"l-@=0.345"
"PronTokAlign",847.7249999999999,848.045,"g-A/-f-A/-m=0.609"
"PronTokAlign",848.045,848.535,"fp"
"PronTokAlign",848.535,848.8249999999999,"d-O~-k=0.825"
"PronTokAlign",848.8249999999999,848.885,"fp"
"PronTokAlign",848.885,849.155,"m-w-A/"
"PronTokAlign",849.155,849.185,"Z=0.709"
"PronTokAlign",849.185,849.5849999999999,"y-t-i-l-i-z=0.864"
"PronTokAlign",849.5849999999999,849.8249999999999,"b-O/-k-u=0.89"
"PronTokAlign",849.8249999999999,850.39,"A/-m-A/-z-O/-n"
"PronTokAlign",850.39,850.915,"#=0.0"
"PronTokAlign",850.915,851.255,"d-O~-k=0.676"
"PronTokAlign",851.255,851.665,"fp"
"PronTokAlign",851.665,851.8349999999999,"t-R-e=0.47"
"PronTokAlign",851.8349999999999,852.165,"s-u-v-a~=0.917"
"PronTokAlign",852.165,852.1949999999999,"Z=0.56"
"PronTokAlign",852.1949999999999,852.2249999999999,"E=0.644"
"PronTokAlign",852.2249999999999,852.285,"S=0.588"
"PronTokAlign",852.285,852.3349999999999,"E=0.633"
"PronTokAlign",852.3349999999999,852.645,"A/-m-A/-z-O/-n"
"PronTokAlign",852.645,852.8349999999999,"p-R-i-m=0.788"
"PronTokAlign",852.8349999999999,852.885,"E=0.5"
"PronTokAlign",852.885,853.0649999999999,"t-u=0.769"
"PronTokAlign",853.0649999999999,853.155,"Z=0.618"
"PronTokAlign",853.155,853.36,"E=0.995"
"PronTokAlign",853.36,853.635,"#=0.0"
"PronTokAlign",853.635,854.07,"v-l-A/=0.506"
"PronTokAlign",854.07,854.355,"#=0.0"
"PronTokAlign",854.355,854.4350000000001,"l-A/"
"PronTokAlign",854.4350000000001,854.905,"f-A/-s-i-l-i-t-e"
"PronTokAlign",854.905,855.0450000000001,"k-O/-m=0.681"
"PronTokAlign",855.0450000000001,855.145,"v-u=0.685"
"PronTokAlign",855.145,855.465,"d-i-t-@=0.771"
"PronTokAlign",855.465,856.245,"#=0.0"
"PronTokAlign",856.245,856.525,"e=0.761"
"PronTokAlign",856.525,856.655,"a~"
"PronTokAlign",856.655,856.745,"p-l-y=0.486"
"PronTokAlign",856.745,856.905,"s-e"
"PronTokAlign",856.905,857.025,"p-A/=0.877"
"PronTokAlign",857.025,857.305,"S-E-R"
"PronTokAlign",857.305,857.445,"d-O~=0.789"
"PronTokAlign",857.445,857.565,"k-a~=0.934"
"PronTokAlign",857.565,857.635,"O~=0.763"
"PronTokAlign",857.635,857.665,"e=0.342"
"PronTokAlign",857.665,858.055,"E-t-y-d-j-a~=0.431"
"PronTokAlign",858.055,858.085,"Z=0.524"
"PronTokAlign",858.085,858.235,"t-R-u-v=0.88"
"PronTokAlign",858.235,858.695,"s-A/"
"PronTokAlign",858.695,858.725,"Z=0.501"
"PronTokAlign",858.725,858.865,"t-R-u-v=0.864"
"PronTokAlign",858.865,859.035,"s=0.98"
"PronTokAlign",859.035,859.155,"s-e"
"PronTokAlign",859.155,859.625,"s-U~/-p-A/"
"PronTokAlign",859.625,862.772932,"#=0.0"
"PronTokAlign",862.772932,863.166685,"noise=0.0"
"PronTokAlign",863.166685,863.685,"#=0.0"
"PronTokAlign",863.685,863.805,"fp"
"PronTokAlign",863.805,864.3149999999999,"m-w-A/"
"PronTokAlign",864.3149999999999,864.3449999999999,"Z=0.501"
"PronTokAlign",864.3449999999999,864.4949999999999,"s-y-i=0.828"
"PronTokAlign",864.4949999999999,864.755,"t-R-E-z=0.397"
"PronTokAlign",864.755,865.475,"s-A/-m-s-u-n-g"
"PronTokAlign",865.475,865.82,"#=0.0"
"PronTokAlign",865.82,866.0600000000001,"fp"
"PronTokAlign",866.0600000000001,866.45,"d-O~-k=0.62"
"PronTokAlign",866.45,867.09,"fp"
"PronTokAlign",867.09,867.47,"A/-p-l=0.313"
"PronTokAlign",867.47,867.59,"m-w-A/"
"PronTokAlign",867.59,867.6600000000001,"Z=0.651"
"PronTokAlign",867.6600000000001,867.87,"i=0.538"
"PronTokAlign",867.87,868.1,"k-O~-p-R-a~=0.95"
"PronTokAlign",868.1,868.227188,"R-j-U~/=0.879"
"PronTokAlign",868.227188,869.165,"#=0.0"
"PronTokAlign",869.165,869.935,"v-w-A/-l-A/"
"PronTokAlign",869.935,870.185,"Z-i=0.898"
"PronTokAlign",870.185,870.3149999999999,"i=0.602"
"PronTokAlign",870.3149999999999,871.015,"k-O~-p-R-a~=0.865"
"PronTokAlign",871.015,871.165,"R-j-U~/=0.972"
"PronTokAlign",871.165,871.1949999999999,"A/"
"PronTokAlign",871.1949999999999,871.395,"A/-p-l-@=0.347"
"PronTokAlign",871.395,871.4549999999999,"d-O~=0.86"
"PronTokAlign",871.4549999999999,871.5849999999999,"m-w-A/"
"PronTokAlign",871.5849999999999,871.7049999999999,"s-e"
"PronTokAlign",871.7049999999999,872.155,"s-A/-m-s-u-n-g"
"PronTokAlign",872.155,872.545,"fp"
"PronTokAlign",872.545,872.865,"d-2-p-y-i=0.864"
"PronTokAlign",872.865,872.895,"l=0.655"
"PronTokAlign",872.895,873.3449999999999,"d-e-b-y=0.856"
"PronTokAlign",873.3449999999999,873.525,"e=0.517"
"PronTokAlign",873.525,873.8249999999999,"fp"
"PronTokAlign",873.8249999999999,874.0649999999999,"p-u-R"
"PronTokAlign",874.0649999999999,874.63,"t-u-j-u-R=0.476"
"PronTokAlign",874.63,875.83,"#=0.0"
"PronTokAlign",875.83,876.175,"noise=0.0"
"PronTokAlign",876.175,876.29,"#=0.0"
"PronTokAlign",876.29,876.62,"A/-p-R-e=0.476"
"PronTokAlign",876.62,877.32,"fp"
"PronTokAlign",877.32,878.56,"#=0.0"
"PronTokAlign",878.56,878.8299999999999,"A/-l-R=0.8"
"PronTokAlign",878.8299999999999,878.9,"l-E=0.379"
"PronTokAlign",878.9,879.0999999999999,"R-E-z-O/=0.506"
"PronTokAlign",879.0999999999999,879.4599999999999,"s-O/-s-j-O/=0.957"
"PronTokAlign",879.4599999999999,879.63,"b-E=0.567"
"PronTokAlign",879.63,879.77,"Z=0.649"
"PronTokAlign",879.77,880.0,"s-y-i=0.685"
"PronTokAlign",880.0,880.3199999999999,"b-O/-k-u=0.937"
"PronTokAlign",880.3199999999999,880.76,"d-@-s-y=0.726"
"PronTokAlign",880.76,881.04,"d-O~-k=0.608"
"PronTokAlign",881.04,881.56,"fp"
"PronTokAlign",881.56,881.7099999999999,"S=0.932"
"PronTokAlign",881.7099999999999,881.8199999999999,"e=0.857"
"PronTokAlign",881.8199999999999,882.42,"f-E-i-s-b-u-k"
"PronTokAlign",882.42,882.5899999999999,"S=0.911"
"PronTokAlign",882.5899999999999,882.66,"e=0.838"
"PronTokAlign",882.66,883.51,"s-n-A/-p=0.683"
"PronTokAlign",883.51,883.97,"U~/-s-t-A/"
"PronTokAlign",883.97,884.355,"#=0.0"
"PronTokAlign",884.355,884.5550000000001,"fp"
"PronTokAlign",884.5550000000001,884.655,"S=0.787"
"PronTokAlign",884.655,884.9350000000001,"p-y-b-l-i"
"PronTokAlign",884.9350000000001,885.955,"b-O/-k-u=0.795"
"PronTokAlign",885.955,885.985,"e=0.58"
"PronTokAlign",885.985,886.075,"Z=0.747"
"PronTokAlign",886.075,886.235,"m-e=0.531"
"PronTokAlign",886.235,886.395,"b-O/-k-u=0.863"
"PronTokAlign",886.395,886.4350000000001,"d=0.651"
"PronTokAlign",886.4350000000001,886.995,"s-t-O/-R-i-z"
"PronTokAlign",886.995,887.145,"A/"
"PronTokAlign",887.145,887.4250000000001,"t-u-l=0.475"
"PronTokAlign",887.4250000000001,887.765,"m-O~-d-@=0.524"
"PronTokAlign",887.765,888.405,"#=0.0"
"PronTokAlign",888.405,889.19,"fp=0.0"
"PronTokAlign",889.19,889.935,"#=0.0"
"PronTokAlign",889.935,890.505,"A/-p-R-e=0.509"
"PronTokAlign",890.505,890.9449999999999,"fp"
"PronTokAlign",890.9449999999999,890.9749999999999,"Z=0.582"
"PronTokAlign",890.9749999999999,891.375,"y-t-i-l-i-z=0.892"
"PronTokAlign",891.375,892.1149999999999,"p-A/=0.553"
"PronTokAlign",892.1149999999999,892.665,"t-w-i-t-t-E-R"
"PronTokAlign",892.665,892.785,"p-s-k=0.441"
"PronTokAlign",892.785,893.295,"t-w-i-t-t-E-R"
"PronTokAlign",893.295,893.4749999999999,"fp"
"PronTokAlign",893.4749999999999,893.545,"Z=0.683"
"PronTokAlign",893.545,893.685,"E-m=0.87"
"PronTokAlign",893.685,894.09,"p-A/=0.53"
"PronTokAlign",894.09,895.29,"#=0.0"
"PronTokAlign",895.29,895.49,"fp"
"PronTokAlign",895.49,895.5699999999999,"S=0.528"
"PronTokAlign",895.5699999999999,895.9399999999999,"y-t-i-l-i-z=0.606"
"PronTokAlign",895.9399999999999,896.4,"l-U~/-k-e-d-i-n=0.516"
"PronTokAlign",896.4,896.65,"O/-s-i"
"PronTokAlign",896.65,896.73,"fp"
"PronTokAlign",896.73,896.99,"p-u-R"
"PronTokAlign",896.99,897.05,"l-@=0.482"
"PronTokAlign",897.05,897.9399999999999,"p-R-O/-f-E-s-j-O/-n-E-l"
"PronTokAlign",897.9399999999999,898.16,"s-A/=0.76"
"PronTokAlign",898.16,898.27,"S=0.753"
"PronTokAlign",898.27,898.43,"t-R-u-v=0.991"
"PronTokAlign",898.43,898.4699999999999,"s=0.897"
"PronTokAlign",898.4699999999999,898.8199999999999,"s-U~/-p-A/"
"PronTokAlign",898.8199999999999,898.9499999999999,"Z-y-s=0.693"
"PronTokAlign",898.9499999999999,899.36,"p-u-R"
"PronTokAlign",899.36,899.4699999999999,"fp"
"PronTokAlign",899.4699999999999,899.74,"v-w-A/-l-A/=0.645"
"PronTokAlign",899.74,899.9,"p-u-R"
"PronTokAlign",899.9,900.18,"t-R-u-v-e=0.953"
"PronTokAlign",900.18,900.2099999999999,"d=0.795"
"PronTokAlign",900.2099999999999,900.48,"s-t-A/-Z=0.814"
"PronTokAlign",900.48,900.52,"e=0.528"
"PronTokAlign",900.52,900.55,"d=0.641"
"PronTokAlign",900.55,900.67,"t-R-y-k=0.85"
"PronTokAlign",900.67,900.86,"k-O/-m=0.858"
"PronTokAlign",900.86,901.133438,"s-A/=0.96"
"PronTokAlign",901.133438,903.32,"#=0.0"
"PronTokAlign",903.32,903.563437,"w-E"
"PronTokAlign",903.563437,904.845,"#=0.0"
"PronTokAlign",904.845,905.352188,"noise=0.0"
"PronTokAlign",905.352188,907.45,"#=0.0"
"PronTokAlign",907.45,907.67,"w-E"
"PronTokAlign",907.67,907.77,"s-e"
"PronTokAlign",907.77,907.97,"b-j-U~/=0.861"
"PronTokAlign",907.97,908.085938,"s=0.615"
"PronTokAlign",908.085938,913.08,"#=0.0"
"PronTokAlign",913.08,913.21,"m-u-e"
"PronTokAlign",913.21,913.81,"d-A/-k-O/-R"
"PronTokAlign",913.81,925.77,"#=0.0"
"PronTokAlign",925.77,926.15,"d-A/-k-O/-R"
"PronTokAlign",926.15,1004.91,"#=0.0"
"PronTokAlign",1004.91,1004.99,"fp"
"PronTokAlign",1004.99,1006.12,"A/-l-R=0.615"
"PronTokAlign",1006.12,1006.15,"l"
"PronTokAlign",1006.15,1006.39,"O/-p-E-n=0.738"
"PronTokAlign",1006.39,1006.67,"s-u-R-s=0.697"
"PronTokAlign",1006.67,1006.82,"b-E=0.554"
"PronTokAlign",1006.82,1007.05,"d-y-k-u"
"PronTokAlign",1007.05,1007.18,"m-w-A/"
"PronTokAlign",1007.18,1007.23,"Z=0.623"
"PronTokAlign",1007.23,1007.57,"y-t-i-l-i-z=0.659"
"PronTokAlign",1007.57,1007.86,"b-O/-k-u=0.903"
"PronTokAlign",1007.86,1008.63,"p-A/-s-@=0.557"
"PronTokAlign",1008.63,1008.78,"S=0.573"
"PronTokAlign",1008.78,1008.95,"s-y-i=0.683"
"PronTokAlign",1008.95,1009.45,"m-A/-s-t-9-R=0.643"
"PronTokAlign",1009.45,1009.52,"d-O~=0.748"
"PronTokAlign",1009.52,1009.88,"f-O/-R-s-e-m-a~=0.72"
"PronTokAlign",1009.88,1009.92,"O~=0.849"
"PronTokAlign",1009.92,1010.04,"d-w-A/=0.515"
"PronTokAlign",1010.04,1010.28,"f-E-R=0.664"
"PronTokAlign",1010.28,1010.32,"d=0.638"
"PronTokAlign",1010.32,1010.74,"m-e-m-w-A/-R=0.641"
"PronTokAlign",1010.74,1010.83,"t-u=0.793"
"PronTokAlign",1010.83,1011.13,"s-A/=0.994"
"PronTokAlign",1011.13,1011.75,"#=0.0"
"PronTokAlign",1011.75,1012.59,"d-O~-k"
"PronTokAlign",1012.59,1012.81,"S=0.5"
"PronTokAlign",1012.81,1013.195,"E=0.958"
"PronTokAlign",1013.195,1014.045,"#=0.0"
"PronTokAlign",1014.045,1014.285,"e=0.996"
"PronTokAlign",1014.285,1014.675,"fp"
"PronTokAlign",1014.675,1014.855,"b-E=0.626"
"PronTokAlign",1014.855,1015.075,"k-O/-m=0.645"
"PronTokAlign",1015.075,1015.175,"O~=0.603"
"PronTokAlign",1015.175,1015.225,"l=0.393"
"PronTokAlign",1015.225,1015.635,"d-i-z-E=0.716"
"PronTokAlign",1015.635,1015.695,"t-u=0.654"
"PronTokAlign",1015.695,1016.335,"A/"
"PronTokAlign",1016.335,1016.365,"l"
"PronTokAlign",1016.365,1016.525,"9-R=0.797"
"PronTokAlign",1016.525,1016.555,"fp"
"PronTokAlign",1016.555,1016.605,"O~=0.752"
"PronTokAlign",1016.605,1016.635,"l"
"PronTokAlign",1016.635,1016.945,"y-t-i-l-i-z=0.896"
"PronTokAlign",1016.945,1017.385,"f-O/-R-s-E-m-a~=0.715"
"PronTokAlign",1017.385,1017.445,"d-O~=0.598"
"PronTokAlign",1017.445,1017.635,"A/-v-E-k"
"PronTokAlign",1017.635,1017.825,"l-E=0.572"
"PronTokAlign",1017.825,1017.985,"R-E-z-O/=0.404"
"PronTokAlign",1017.985,1018.355,"s-O/-s-j-O/=0.91"
"PronTokAlign",1018.355,1018.615,"d-O~-k=0.508"
"PronTokAlign",1018.615,1018.795,"fp"
"PronTokAlign",1018.795,1018.955,"k-O/-m=0.858"
"PronTokAlign",1018.955,1018.985,"Z=0.684"
"PronTokAlign",1018.985,1019.095,"v-u-z=0.832"
"PronTokAlign",1019.095,1019.135,"e=0.736"
"PronTokAlign",1019.135,1019.235,"d-i=0.888"
"PronTokAlign",1019.235,1019.315,"S=0.888"
"PronTokAlign",1019.315,1019.745,"p-A/-R-t-A/-Z-@=0.601"
"PronTokAlign",1019.745,1019.895,"d-O~=0.732"
"PronTokAlign",1019.895,1019.935,"fp"
"PronTokAlign",1019.935,1020.315,"Z-@=0.434"
"PronTokAlign",1020.315,1020.885,"p-y-b-l-i"
"PronTokAlign",1020.885,1021.015,"d-e-z=0.383"
"PronTokAlign",1021.015,1021.265,"s-t-O/-R-i-z"
"PronTokAlign",1021.265,1021.325,"t-u=0.83"
"PronTokAlign",1021.325,1021.575,"s-A/=0.924"
"PronTokAlign",1021.575,1021.705,"d-O~=0.646"
"PronTokAlign",1021.705,1022.135,"f-O/-R-s-e-m-a~=0.533"
"PronTokAlign",1022.135,1022.425,"Z-@=0.922"
"PronTokAlign",1022.425,1022.805,"#"
"PronTokAlign",1022.805,1023.415,"Z-@=0.647"
"PronTokAlign",1023.415,1023.705,"p-A/-R-t-A/-Z=0.725"
"PronTokAlign",1023.705,1023.815,"m-E=0.44"
"PronTokAlign",1023.815,1024.14,"d-O/-n-e=0.626"
"PronTokAlign",1024.14,1024.625,"#=0.0"
"PronTokAlign",1024.625,1024.825,"e=0.989"
"PronTokAlign",1024.825,1025.065,"fp"
"PronTokAlign",1025.065,1025.095,"Z=0.526"
"PronTokAlign",1025.095,1025.655,"y-t-i-l-i-z-@=0.962"
"PronTokAlign",1025.655,1026.195,"w-i-k-i-p-E-d-A/=0.473"
"PronTokAlign",1026.195,1026.835,"b-O/-k-u-p=0.924"
"PronTokAlign",1026.835,1027.085,"d-O~-k=0.623"
"PronTokAlign",1027.085,1027.435,"fp"
"PronTokAlign",1027.435,1027.575,"s-e"
"PronTokAlign",1027.575,1027.695,"U~/=0.686"
"PronTokAlign",1027.695,1027.815,"p-2"
"PronTokAlign",1027.815,1028.155,"l-A/"
"PronTokAlign",1028.155,1028.385,"s-e"
"PronTokAlign",1028.385,1028.415,"U~/=0.817"
"PronTokAlign",1028.415,1028.485,"p-2"
"PronTokAlign",1028.485,1028.835,"p-R-A/-t-i-k=0.875"
"PronTokAlign",1028.835,1029.245,"w-i-k-i-p-E-d-A/=0.592"
"PronTokAlign",1029.245,1029.725,"k-a~=0.927"
"PronTokAlign",1029.725,1029.755,"O~=0.841"
"PronTokAlign",1029.755,1029.785,"n"
"PronTokAlign",1029.785,1029.915,"A/"
"PronTokAlign",1029.915,1030.145,"p-A/=0.96"
"PronTokAlign",1030.145,1030.285,"a~-v-i"
"PronTokAlign",1030.285,1030.455,"d-@=0.973"
"PronTokAlign",1030.455,1031.115,"S-E-R-S-e=0.528"
"PronTokAlign",1031.115,1031.205,"O~=0.665"
"PronTokAlign",1031.205,1031.345,"v-A/"
"PronTokAlign",1031.345,1031.475,"v-i-t=0.994"
"PronTokAlign",1031.475,1031.575,"f-E=0.604"
"PronTokAlign",1031.575,1031.725,"s-y-R"
"PronTokAlign",1031.725,1031.865,"l-A/"
"PronTokAlign",1031.865,1032.43,"p-A/-Z-@=0.935"
"PronTokAlign",1032.43,1032.78,"#=0.0"
"PronTokAlign",1032.78,1033.02,"p-@-t-i-t=0.489"
"PronTokAlign",1033.02,1033.53,"U~/-f-O/"
"PronTokAlign",1033.53,1033.63,"k-E-l"
"PronTokAlign",1033.63,1034.22,"A/-k-t-9-R"
"PronTokAlign",1034.22,1034.48,"A/"
"PronTokAlign",1034.48,1034.6,"Z-u-e=0.512"
"PronTokAlign",1034.6,1034.74,"d-a~=0.825"
"PronTokAlign",1034.74,1034.91,"t-E-l=0.848"
"PronTokAlign",1034.91,1035.35,"s-E-R-i=0.814"
"PronTokAlign",1035.35,1035.51,"a~-f-U~/"
"PronTokAlign",1035.51,1035.61,"s-e"
"PronTokAlign",1035.61,1035.86,"A/-s-e=0.881"
"PronTokAlign",1035.86,1036.18,"p-R-A/-t-i-k=0.966"
"PronTokAlign",1036.18,1036.34,"k-w-A/"
"PronTokAlign",1036.34,1036.45,"O~=0.564"
"PronTokAlign",1036.45,1036.57,"A/"
"PronTokAlign",1036.57,1037.19,"t-u-t=0.538"
"PronTokAlign",1037.19,1037.22,"s=0.966"
"PronTokAlign",1037.22,1037.98,"#"
"PronTokAlign",1037.98,1038.04,"e=0.689"
"PronTokAlign",1038.04,1038.07,"s=0.628"
"PronTokAlign",1038.07,1038.87,"p-R-a~-t=0.927"
"PronTokAlign",1038.87,1039.04,"d-2=0.903"
"PronTokAlign",1039.04,1039.52,"s-2-g-O~-d-z=0.908"
"PronTokAlign",1039.52,1039.61,"p-u-R"
"PronTokAlign",1039.61,1040.070589,"S-E-R-S-e-R=0.975"
"PronTokAlign",1040.070589,1041.535,"#=0.0"
"PronTokAlign",1041.535,1041.855,"v-w-A/-l-A/=0.794"
"PronTokAlign",1041.855,1042.005,"Z=0.738"
"PronTokAlign",1042.005,1042.4550000000002,"y-t-i-l-i-z-@=0.837"
"PronTokAlign",1042.4550000000002,1042.855,"b-O/-k-u=0.781"
"PronTokAlign",1042.855,1042.9250000000002,"d-O~=0.574"
"PronTokAlign",1042.9250000000002,1043.339063,"fp"
"PronTokAlign",1043.339063,1044.030938,"#=0.0"
"PronTokAlign",1044.030938,1044.145,"noise=0.0"
"PronTokAlign",1044.145,1044.32,"#=0.0"
"PronTokAlign",1044.32,1044.59,"v-w-A/-l-A/=0.824"
"PronTokAlign",1044.59,1045.14,"v-l-A/=0.848"
"PronTokAlign",1045.14,1045.3,"e=0.533"
"PronTokAlign",1045.3,1045.988437,"fp"
"PronTokAlign",1045.988437,1046.723466,"#=0.0"
"PronTokAlign",1046.723466,1046.873466,"S=0.634"
"PronTokAlign",1046.873466,1047.213466,"k-R-w-A/=0.65"
"PronTokAlign",1047.213466,1047.3034659999998,"k=0.654"
"PronTokAlign",1047.3034659999998,1047.453466,"s-e"
"PronTokAlign",1047.453466,1047.89677,"b-O~-n=0.797"
"PronTokAlign",1047.89677,1048.99,"#=0.0"
"PronTokAlign",1048.99,1049.09,"k-w-A/"
"PronTokAlign",1049.09,1049.295938,"d-O/-t-R=0.823"
"PronTokAlign",1049.295938,1051.84,"#=0.0"
"PronTokAlign",1051.84,1052.345,"m=0.0"
"PronTokAlign",1052.345,1053.755,"#=0.0"
"PronTokAlign",1053.755,1054.115,"fp=0.0"
"PronTokAlign",1054.115,1054.76,"#=0.0"
"PronTokAlign",1054.76,1054.91,"m-w-A/"
"PronTokAlign",1054.91,1054.97,"Z=0.617"
"PronTokAlign",1054.97,1055.22,"y-t-i-l-i-z=0.875"
"PronTokAlign",1055.22,1055.47,"b-O/-k-u=0.862"
"PronTokAlign",1055.47,1055.71,"p-l-y-z=0.753"
"PronTokAlign",1055.71,1056.42,"fp"
"PronTokAlign",1056.42,1057.11,"m-E-s-@-n-Z-@-R=0.322"
"PronTokAlign",1057.11,1057.725,"k-@"
"PronTokAlign",1057.725,1058.755,"#=0.0"
"PronTokAlign",1058.755,1058.835,"k=0.519"
"PronTokAlign",1058.835,1059.275,"l-E-z=0.74"
"PronTokAlign",1059.275,1059.825,"E-s-E-m-E-s=0.999"
"PronTokAlign",1059.825,1060.095,"#=0.0"
"PronTokAlign",1060.095,1060.135,"Z=0.617"
"PronTokAlign",1060.135,1060.305,"p-A/-R-l=0.827"
"PronTokAlign",1060.305,1060.365,"A/"
"PronTokAlign",1060.365,1060.505,"t-u-l=0.693"
"PronTokAlign",1060.505,1060.645,"m-O~-d-@=0.506"
"PronTokAlign",1060.645,1060.765,"s-y-R"
"PronTokAlign",1060.765,1061.435,"m-E-s-@-n-Z-@-R=0.479"
"PronTokAlign",1061.435,1061.575,"m-e=0.395"
"PronTokAlign",1061.575,1061.675,"Z=0.521"
"PronTokAlign",1061.675,1061.845,"p-A/-R-l=0.795"
"PronTokAlign",1061.845,1061.935,"A/"
"PronTokAlign",1061.935,1062.145,"b-O/-k-u=0.975"
"PronTokAlign",1062.145,1062.285,"m-w-U~/=0.874"
"PronTokAlign",1062.285,1062.325,"t=0.756"
"PronTokAlign",1062.325,1062.585,"Z-a~-z=0.633"
"PronTokAlign",1062.585,1063.145,"#"
"PronTokAlign",1063.145,1063.44,"v-w-A/-l-A/=0.994"
"PronTokAlign",1063.44,1080.27,"#=0.0"
"PronTokAlign",1080.27,1080.42,"w-E"
"PronTokAlign",1080.42,1080.605,"#=0.0"
"PronTokAlign",1080.605,1080.869063,"noise=0.0"
"PronTokAlign",1080.869063,1120.6,"#=0.0"
"PronTokAlign",1120.6,1121.09,"a~-f-E-t=0.926"
"PronTokAlign",1121.09,1121.85,"#"
"PronTokAlign",1121.85,1121.9499999999998,"s-e"
"PronTokAlign",1121.9499999999998,1122.29,"R-A/-s-y-R-a~=0.962"
"PronTokAlign",1122.29,1122.54,"p-A/-s-@=0.492"
"PronTokAlign",1122.54,1122.57,"t"
"PronTokAlign",1122.57,1122.64,"A/=0.898"
"PronTokAlign",1122.64,1122.78,"l-A/"
"PronTokAlign",1122.78,1122.9599999999998,"t-E-t=0.881"
"PronTokAlign",1122.9599999999998,1123.08,"a~"
"PronTokAlign",1123.08,1123.32,"p-l-y-z=0.766"
"PronTokAlign",1123.32,1123.35,"t=0.834"
"PronTokAlign",1123.35,1123.83,"A/=0.76"
"PronTokAlign",1123.83,1123.98,"l-e=0.448"
"PronTokAlign",1123.98,1124.2099999999998,"t-j=0.545"
"PronTokAlign",1124.2099999999998,1124.37,"s-e=0.406"
"PronTokAlign",1124.37,1124.4499999999998,"s"
"PronTokAlign",1124.4499999999998,1124.62,"i-l=0.387"
"PronTokAlign",1124.62,1124.76,"O~=0.878"
"PronTokAlign",1124.76,1124.82,"v-y"
"PronTokAlign",1124.82,1124.9199999999998,"l=0.365"
"PronTokAlign",1124.9199999999998,1125.4199999999998,"m-E-s-A/-Z=0.805"
"PronTokAlign",1125.4199999999998,1125.53,"t"
"PronTokAlign",1125.53,1125.58,"A/=0.963"
"PronTokAlign",1125.58,1125.82,"l-9-R"
"PronTokAlign",1125.82,1126.03,"t-E-t=0.761"
"PronTokAlign",1126.03,1126.09,"k=0.831"
"PronTokAlign",1126.09,1126.2099999999998,"k-i=0.598"
"PronTokAlign",1126.2099999999998,1126.25,"s"
"PronTokAlign",1126.25,1126.7099999999998,"A/-f-i-S=0.96"
"PronTokAlign",1126.7099999999998,1126.89,"a~-f-U~/"
"PronTokAlign",1126.89,1127.2,"s-e"
"PronTokAlign",1127.2,1128.645,"#=0.0"
"PronTokAlign",1128.645,1129.34,"s-y-R"
"PronTokAlign",1129.34,1130.82,"#=0.0"
"PronTokAlign",1130.82,1130.987813,"noise=0.0"
"PronTokAlign",1130.987813,1169.14,"#=0.0"
"PronTokAlign",1169.14,1169.375,"n-O/=0.541"
"PronTokAlign",1169.375,1169.985,"#=0.0"
"PronTokAlign",1169.985,1170.0849999999998,"s-y-R"
"PronTokAlign",1170.0849999999998,1170.3349999999998,"m-E-s-n-Z-e-R=0.415"
"PronTokAlign",1170.3349999999998,1170.365,"t=0.485"
"PronTokAlign",1170.365,1170.475,"p-@=0.975"
"PronTokAlign",1170.475,1170.5649999999998,"p-A/=0.884"
"PronTokAlign",1170.5649999999998,1170.5949999999998,"l"
"PronTokAlign",1170.5949999999998,1170.762187,"a~-l-v-e=0.722"
"PronTokAlign",1170.762187,1172.195,"#=0.0"
"PronTokAlign",1172.195,1172.235,"t=0.555"
"PronTokAlign",1172.235,1172.2949999999998,"p-@=0.984"
"PronTokAlign",1172.2949999999998,1172.385,"p-A/=0.795"
"PronTokAlign",1172.385,1172.515,"s-y-R"
"PronTokAlign",1172.515,1172.865,"m-E-s-n-Z-@-R=0.398"
"PronTokAlign",1172.865,1308.135,"#=0.0"
"PronTokAlign",1308.135,1308.335,"p-A/-R-k-O~-t=0.708"
"PronTokAlign",1308.335,1308.385,"O~=0.88"
"PronTokAlign",1308.385,1308.555,"v-A/"
"PronTokAlign",1308.555,1309.445,"d-@-v-w-A/-R=0.562"
"PronTokAlign",1309.445,1309.475,"O~=0.85"
"PronTokAlign",1309.475,1309.575,"v-A/"
"PronTokAlign",1309.575,1309.855,"d-v-w-A/-R=0.518"
"PronTokAlign",1309.855,1310.105,"A/-R-E-t-e=0.526"
"PronTokAlign",1310.105,1310.355,"d-y-k-u"
"PronTokAlign",1310.355,1310.435,"i=0.726"
"PronTokAlign",1310.435,1310.465,"e=0.5"
"PronTokAlign",1310.465,1310.695,"i=0.685"
"PronTokAlign",1310.695,1310.795,"e=0.468"
"PronTokAlign",1310.795,1310.825,"l"
"PronTokAlign",1310.825,1311.005,"9-R=0.84"
