transcription,0.0,0.9478508651469376,#
transcription,0.9478508651469376,1.785,ipu
transcription,1.785,67.22,#
transcription,67.22,68.77,ipu
transcription,68.77,68.98,#
transcription,68.98,72.17,ipu
transcription,72.17,77.275,#
transcription,77.275,79.045,ipu
transcription,79.045,82.45222741005217,#
transcription,82.45222741005217,84.485,ipu
transcription,84.485,87.235,#
transcription,87.235,87.7415625,ipu
transcription,87.7415625,93.185,#
transcription,93.185,96.575,ipu
transcription,96.575,97.66,#
transcription,97.66,98.1196875,ipu
transcription,98.1196875,102.135,#
transcription,102.135,103.355,ipu
transcription,103.355,104.07,#
transcription,104.07,109.71,ipu
transcription,109.71,110.31,#
transcription,110.31,115.32,ipu
transcription,115.32,117.875,#
transcription,117.875,119.09,ipu
transcription,119.09,119.65,#
transcription,119.65,120.93,ipu
transcription,120.93,121.9,#
transcription,121.9,125.21,ipu
transcription,125.21,125.63,#
transcription,125.63,129.375,ipu
transcription,129.375,129.845,#
transcription,129.845,135.065,ipu
transcription,135.065,135.75697129909366,#
transcription,135.75697129909366,144.15,ipu
transcription,144.15,144.685,#
transcription,144.685,152.765,ipu
transcription,152.765,152.86,#
transcription,152.86,153.16,ipu
transcription,153.16,153.275,#
transcription,153.275,155.195,ipu
transcription,155.195,155.92,#
transcription,155.92,160.83,ipu
transcription,160.83,161.62,#
transcription,161.62,162.945,ipu
transcription,162.945,185.415,#
transcription,185.415,186.305,ipu
transcription,186.305,191.245,#
transcription,191.245,191.62,ipu
transcription,191.62,192.87,#
transcription,192.87,193.38,ipu
transcription,193.38,197.77,#
transcription,197.77,199.11,ipu
transcription,199.11,202.87,#
transcription,202.87,205.165,ipu
transcription,205.165,205.465,#
transcription,205.465,206.845,ipu
transcription,206.845,213.6,#
transcription,213.6,214.05,ipu
transcription,214.05,224.045,#
transcription,224.045,226.73,ipu
transcription,226.73,227.8,#
transcription,227.8,230.865,ipu
transcription,230.865,233.435,#
transcription,233.435,235.84,ipu
transcription,235.84,239.15,#
transcription,239.15,239.4478125,ipu
transcription,239.4478125,251.075,#
transcription,251.075,254.41,ipu
transcription,254.41,254.94,#
transcription,254.94,258.9474265311728,ipu
transcription,258.9474265311728,260.64,#
transcription,260.64,263.78,ipu
transcription,263.78,268.06,#
transcription,268.06,268.525,ipu
transcription,268.525,268.745,#
transcription,268.745,271.81,ipu
transcription,271.81,272.87,#
transcription,272.87,279.435,ipu
transcription,279.435,280.105,#
transcription,280.105,286.87,ipu
transcription,286.87,287.45,#
transcription,287.45,290.915,ipu
transcription,290.915,291.35,#
transcription,291.35,295.0,ipu
transcription,295.0,295.715,#
transcription,295.715,300.6365625,ipu
transcription,300.6365625,311.21,#
transcription,311.21,314.06,ipu
transcription,314.06,316.92,#
transcription,316.92,320.64,ipu
transcription,320.64,321.845,#
transcription,321.845,323.67,ipu
transcription,323.67,328.07,#
transcription,328.07,328.545,ipu
transcription,328.545,356.445,#
transcription,356.445,359.295,ipu
transcription,359.295,363.8955065143505,#
transcription,363.8955065143505,364.52,ipu
transcription,364.52,368.87,#
transcription,368.87,370.05,ipu
transcription,370.05,370.4,#
transcription,370.4,370.79,ipu
transcription,370.79,371.97,#
transcription,371.97,372.32,ipu
transcription,372.32,377.03,#
transcription,377.03,377.38,ipu
transcription,377.38,383.85,#
transcription,383.85,384.38,ipu
transcription,384.38,388.945,#
transcription,388.945,389.39,ipu
transcription,389.39,392.26729744575664,#
transcription,392.26729744575664,392.945613842351,ipu
transcription,392.945613842351,405.43,#
transcription,405.43,405.77,ipu
transcription,405.77,412.625,#
transcription,412.625,421.98,ipu
transcription,421.98,422.755,#
transcription,422.755,424.525,ipu
transcription,424.525,425.19,#
transcription,425.19,427.42,ipu
transcription,427.42,427.975,#
transcription,427.975,429.295,ipu
transcription,429.295,429.605,#
transcription,429.605,434.4,ipu
transcription,434.4,435.715,#
transcription,435.715,439.51,ipu
transcription,439.51,439.88,#
transcription,439.88,445.485,ipu
transcription,445.485,446.17,#
transcription,446.17,449.12,ipu
transcription,449.12,449.605,#
transcription,449.605,456.335,ipu
transcription,456.335,457.005,#
transcription,457.005,458.225,ipu
transcription,458.225,458.555,#
transcription,458.555,462.84,ipu
transcription,462.84,463.5,#
transcription,463.5,466.335,ipu
transcription,466.335,466.77,#
transcription,466.77,471.365,ipu
transcription,471.365,471.63,#
transcription,471.63,475.075,ipu
transcription,475.075,475.56,#
transcription,475.56,478.035,ipu
transcription,478.035,478.9,#
transcription,478.9,484.935,ipu
transcription,484.935,485.405,#
transcription,485.405,489.27,ipu
transcription,489.27,490.075,#
transcription,490.075,491.38,ipu
transcription,491.38,523.96,#
transcription,523.96,529.1578125000001,ipu
transcription,529.1578125000001,531.69,#
transcription,531.69,533.31,ipu
transcription,533.31,533.54,#
transcription,533.54,538.855,ipu
transcription,538.855,539.19,#
transcription,539.19,543.345,ipu
transcription,543.345,543.685,#
transcription,543.685,549.925,ipu
transcription,549.925,550.365,#
transcription,550.365,557.98,ipu
transcription,557.98,558.305,#
transcription,558.305,565.6975913210657,ipu
transcription,565.6975913210657,566.08,#
transcription,566.08,567.87,ipu
transcription,567.87,568.34,#
transcription,568.34,572.59,ipu
transcription,572.59,619.795,#
transcription,619.795,620.635,ipu
transcription,620.635,654.99,#
transcription,654.99,657.96,ipu
transcription,657.96,659.21,#
transcription,659.21,667.93,ipu
transcription,667.93,672.73,#
transcription,672.73,673.145,ipu
transcription,673.145,684.89,#
transcription,684.89,685.245,ipu
transcription,685.245,703.59,#
transcription,703.59,704.175,ipu
transcription,704.175,710.51,#
transcription,710.51,710.905,ipu
transcription,710.905,711.785,#
transcription,711.785,712.78,ipu
transcription,712.78,725.77,#
transcription,725.77,730.595,ipu
transcription,730.595,730.97,#
transcription,730.97,735.255,ipu
transcription,735.255,735.7,#
transcription,735.7,741.0,ipu
transcription,741.0,741.375,#
transcription,741.375,744.83,ipu
transcription,744.83,747.275,#
transcription,747.275,749.235,ipu
transcription,749.235,749.71,#
transcription,749.71,760.17,ipu
transcription,760.17,760.555,#
transcription,760.555,762.95,ipu
transcription,762.95,763.17,#
transcription,763.17,765.73,ipu
transcription,765.73,766.305,#
transcription,766.305,768.18,ipu
transcription,768.18,768.71,#
transcription,768.71,770.585,ipu
transcription,770.585,773.195,#
transcription,773.195,774.045,ipu
transcription,774.045,784.98,#
transcription,784.98,786.44,ipu
transcription,786.44,787.185,#
transcription,787.185,787.695,ipu
transcription,787.695,789.295,#
transcription,789.295,792.23,ipu
transcription,792.23,799.47,#
transcription,799.47,811.545,ipu
transcription,811.545,811.945,#
transcription,811.945,817.275,ipu
transcription,817.275,817.61,#
transcription,817.61,822.08,ipu
transcription,822.08,822.415,#
transcription,822.415,827.06,ipu
transcription,827.06,827.215,#
transcription,827.215,829.51,ipu
transcription,829.51,829.93,#
transcription,829.93,840.555,ipu
transcription,840.555,841.065,#
transcription,841.065,844.98,ipu
transcription,844.98,861.625,#
transcription,861.625,861.97,ipu
transcription,861.97,864.43,#
transcription,864.43,864.845,ipu
transcription,864.845,865.335,#
transcription,865.335,866.94,ipu
transcription,866.94,869.215,#
transcription,869.215,870.645,ipu
transcription,870.645,870.92,#
transcription,870.92,872.0,ipu
transcription,872.0,881.265,#
transcription,881.265,881.7946875000001,ipu
transcription,881.7946875000001,890.98,#
transcription,890.98,893.075,ipu
transcription,893.075,893.785,#
transcription,893.785,896.17,ipu
transcription,896.17,896.515,#
transcription,896.515,898.71,ipu
transcription,898.71,912.66,#
transcription,912.66,913.035,ipu
transcription,913.035,929.7590560628948,#
transcription,929.7590560628948,930.2259375,ipu
transcription,930.2259375,938.085,#
transcription,938.085,938.555,ipu
transcription,938.555,944.13,#
transcription,944.13,944.525,ipu
transcription,944.525,952.44,#
transcription,952.44,952.755,ipu
transcription,952.755,952.96,#
transcription,952.96,954.48,ipu
transcription,954.48,954.995,#
transcription,954.995,959.71,ipu
transcription,959.71,960.015,#
transcription,960.015,964.185,ipu
transcription,964.185,964.615,#
transcription,964.615,968.155,ipu
transcription,968.155,968.655,#
transcription,968.655,969.635,ipu
transcription,969.635,969.935,#
transcription,969.935,972.135,ipu
transcription,972.135,972.22,#
transcription,972.22,973.38,ipu
transcription,973.38,973.975,#
transcription,973.975,979.395,ipu
transcription,979.395,979.72,#
transcription,979.72,983.95,ipu
transcription,983.95,984.34,#
transcription,984.34,985.075,ipu
transcription,985.075,985.395,#
transcription,985.395,991.38,ipu
transcription,991.38,994.95,#
transcription,994.95,997.905,ipu
transcription,997.905,998.57,#
transcription,998.57,1000.065,ipu
transcription,1000.065,1001.86,#
transcription,1001.86,1010.1,ipu
transcription,1010.1,1010.77,#
transcription,1010.77,1014.38,ipu
transcription,1014.38,1014.645,#
transcription,1014.645,1015.005,ipu
transcription,1015.005,1018.945,#
transcription,1018.945,1023.405,ipu
transcription,1023.405,1025.1478125000003,#
transcription,1025.1478125000003,1026.36,ipu
transcription,1026.36,1027.925,#
transcription,1027.925,1030.075,ipu
transcription,1030.075,1032.145,#
transcription,1032.145,1032.54,ipu
transcription,1032.54,1041.27,#
transcription,1041.27,1041.615,ipu
transcription,1041.615,1046.085,#
transcription,1046.085,1046.62,ipu
transcription,1046.62,1049.775,#
transcription,1049.775,1050.955,ipu
transcription,1050.955,1051.34,#
transcription,1051.34,1052.995,ipu
transcription,1052.995,1055.4,#
transcription,1055.4,1058.505,ipu
transcription,1058.505,1060.585,#
transcription,1060.585,1061.435,ipu
transcription,1061.435,1062.175,#
transcription,1062.175,1064.653010848668,ipu
transcription,1064.653010848668,1067.845,#
transcription,1067.845,1068.165,ipu
transcription,1068.165,1068.705,#
transcription,1068.705,1069.07,ipu
transcription,1069.07,1079.44,#
transcription,1079.44,1079.81,ipu
transcription,1079.81,1080.575,#
transcription,1080.575,1080.865,ipu
transcription,1080.865,1135.515,#
transcription,1135.515,1135.93,ipu
transcription,1135.93,1143.32,#
transcription,1143.32,1151.61,ipu
transcription,1151.61,1156.42,#
transcription,1156.42,1158.6628125000002,ipu
transcription,1158.6628125000002,1163.055,#
transcription,1163.055,1163.405,ipu
transcription,1163.405,1164.44,#
transcription,1164.44,1168.575,ipu
transcription,1168.575,1169.355,#
transcription,1169.355,1173.725,ipu
transcription,1173.725,1174.355,#
transcription,1174.355,1180.39,ipu
transcription,1180.39,1181.37,#
transcription,1181.37,1185.935,ipu
transcription,1185.935,1186.535,#
transcription,1186.535,1190.18,ipu
transcription,1190.18,1190.835,#
transcription,1190.835,1194.245,ipu
transcription,1194.245,1195.045,#
transcription,1195.045,1196.045,ipu
transcription,1196.045,1196.385,#
transcription,1196.385,1197.81,ipu
transcription,1197.81,1199.6,#
transcription,1199.6,1202.125,ipu
transcription,1202.125,1202.96,#
transcription,1202.96,1206.335,ipu
transcription,1206.335,1206.64,#
transcription,1206.64,1211.33,ipu
transcription,1211.33,1211.985,#
transcription,1211.985,1212.9496875,ipu
transcription,1212.9496875,1216.5358503415955,#
transcription,1216.5358503415955,1217.2324996137736,ipu
transcription,1217.2324996137736,1226.92,#
transcription,1226.92,1227.23,ipu
transcription,1227.23,1234.745,#
transcription,1234.745,1235.2,ipu
transcription,1235.2,1235.695,#
transcription,1235.695,1236.255,ipu
transcription,1236.255,1245.225,#
transcription,1245.225,1247.07,ipu
transcription,1247.07,1247.755,#
transcription,1247.755,1251.985,ipu
transcription,1251.985,1255.28,#
transcription,1255.28,1256.83,ipu
transcription,1256.83,1258.84,#
